"intent_id","keyword"
1650358265,"สิทธิบัตรคืออะไร"
1650358265,"สอบถามสิทธิบัตร"
1650358265,"รายละเอียดของสิทธิบัตร"
1650358265,"ความหมายของสิทธิบัตร"
1650358265,"อธิบายสิทธิบัตร"
1650358265,"สิทธิบัตรมีกี่แบบ"
1650359775,"DIP e-Service"
1650359775,"แอพพลิเคชัน DIP e-Service"
1650359775,"ดาวน์โหลดแอพลิเคชัน DIP e-Service"
1650359775,"แอพIOS"
1650359775,"แอพAndroid"
1650359775,"AppIOS"
1650359775,"AppAndroid"
1650359841,"ส่งคำร้องเรียน"
1650359841,"ข้อเสนอแนะ"
1650359841,"ร้องเรียน"
1650429367,"ประวัติการก่อตั้ง"
1650429367,"ก่อตั้งเมื่อไหร่"
1650429367,"ก่อตั้งปีไหน"
1650429367,"ความเป็นมาของกรม"
1650429367,"กรมสร้างเมื่อไร"
1650431013,"ค่าธรรมเนียมสิทธิบัตร"
1650431013,"ค่าธรรมเนียมในการออกสิทธิบัตร"
1650431013,"ค่าใช้จ่ายในการขอสิทธิบัตร"
1650431013,"ค่าใช้จ่ายในการออกสิทธิบัตร"
1650431013,"ค่าใช้จ่ายของการออกสิทธิบัตร"
1650431013,"ทำสิทธิบัตรเท่าไหร่"
1651163955,"สิทธิบัตรการออกแบบผลิตภัณฑ์"
1651163993,"คุ้มครองกี่ปี"
1651163993,"อายุของสิทธิบัตร"
1651163993,"ระยะเวลาของสิทธิบัตร"
1651163993,"ระยะเวลาคุ้มครองของสิทธิบัตร"
1651163993,"จำนวนปีที่คุ้มครองของสิทธิบัตร"
1651163993,"จำนวนปีในการคุ้มครองของสิทธิบัตร"
1651163993,"ระยะเวลาคุ้มครองของสิทธิบัตร"
1651164500,"อัตราโทษการละเมิดลิขสิทธิ์"
1651164500,"โทษของการละเมิดลิขสิทธิ์"
1652238133,"กรมทรัพย์สินทางปัญญา สังกัดกระทรวงใด"
1652238196,"กรมทรัพย์สินทางปัญญาก่อตั้งเมื่อไร"
1652238249,"ค่านิยมของกรมทรัพย์สินทางปัญญากล่าวว่ายังไง"
1652238289,"ค่านิยมของกรมทรัพย์สินทางปัญญากล่าวว่ายังไง"
1652238461,"เดินทางไปกรมด้วยรถไฟฟ้าได้ไหม"
1652238461,"สามารถเดินทางไปกรมทรัพย์สินทางปัญญาได้อย่างไร"
1652238496,"กรมทรัพย์สินทางปัญญาอยู่จังหวัดไหน"
1652238636,"กรมทรัพย์สินทางปัญญาเปิดทำการถึงกี่โมง"
1652238636,"สามารถไปติดต่อกรมได้ตั้งแต่กี่โมง"
1652238636,"กรมทรัพย์สินทางปัญญาเปิดให้บริการทุกวันไหม"
1652238636,"สามารถโทรติดต่อกรมได้ในช่วงเวลาไหนบ้าง"
1652238636,"ติดต่อกรมได้เวลาไหนบ้าง"
1652239016,"สามารถโทรติดต่อกรมได้ที่เบอร์ไหน"
1652239052,"สายด่วนกรมทรัพย์สินทางปัญญาเบอร์อะไร"
1652239052,"สายด่วน"
1652239112,"สามารถส่งแฟกซ์ให้ทางกรมได้ที่เบอร์ไหน"
1652239112,"ส่งแฟกซ์"
1652239112,"แฟกซ์"
1652239112,"เบอร์แฟกซ์"
1652239177,"สามารถเข้าชมเว็บไซต์ของทางกรมได้ทางไหน"
1652239227,"กรมทรัพย์สินทางปัญญามีเพจ Facebook ไหม"
1652239277,"กรมทรัพย์สินทางปัญญามี Instagram ไหม"
1652239355,"กรมทรัพย์สินทางปัญญามีช่องทาง Twitter ไหม"
1652242078,"กรมทรัพย์สินทางปัญญามีช่อง Youtube ไหม"
1652242110,"เว็บไซต์กรมทรัพย์สินทางปัญญาคือเว็บอะไร"
1652242283,"ใช้ IOS สามารถดาวน์โหลดแอพลิเคชัน DIP e-Service ได้จากไหน"
1652242283,"แอพลิเคชัน DIP e-Service"
1652242283,"แอพลิเคชัน"
1652242326,"ใช้มือถือ Android สามารถดาวน์โหลดแอพลิเคชัน DIP e-Service ได้จากไหน"
1652242370,"สามารถดูภาพกิจกรรมของกรมได้ที่ไหน"
1652242399,"อยากสมัครงานที่กรมทรัพย์สินทางปัญญาต้องทำอย่างไร"
1652242437,"กรมทรัพย์สินทางปัญญาเปิดรับสมัครงานตำแหน่งไหนบ้าง"
1652242491,"สามารถส่งคำร้องเรียนให้กรมได้ทางไหนบ้าง"
1652242491,"มีข้อเสนอแนะต่อกรมต้องทำอย่างไร"
1652242529,"สามารถดาวน์โหลดโลโก้กรมทรัพย์สินทางปัญญาได้จากที่ไหน"
1652242543,"สามารถดูคู่มือการใช้งานโลโก้กรมทรัพย์สินทางปัญญาได้จากไหน"
1652243493,"สิทธิบัตร"
1652243493,"สอบถามสิทธิบัตร"
1652243616,"ลิขสิทธิ์"
1652244563,"สามารถดูรายนามอธิบดีกรมทรัพย์สินทางปัญญาตั้งแต่อดีตได้ที่ไหน"
1652244819,"ขั้นตอน ระยะเวลาจดทะเบียนเครื่องหมายการค้า"
1652244819,"ค่าธรรมเนียมยื่นจดเครื่องหมายการค้าในประเทศ"
1652244819,"คำขอจดทะเบียนเครื่องหมายการค้า สินค้ามากกว่า 5 อย่าง มีค่าธรรมเนียมเท่าไหร่"
1652244819,"คำขอแก้ไขเปลี่ยนแปลงรายการจดทะเบียนเครื่องหมายการค้า มีค่าธรรมเนียมเท่าไหร่"
1652244819,"คำขอจดทะเบียนเครื่องหมายบริการ มีค่าธรรมเนียมเท่าไหร่"
1652244819,"คำขอจดทะเบียนสัญญาอนุญาตให้ใช้เครื่องหมายการค้า มีค่าธรรมเนียมเท่าไหร่"
1652244819,"คำขอต่ออายุการจดทะเบียน มีค่าธรรมเนียมเท่าไหร่"
1652244819,"การขอตรวจดูทะเบียนเครื่องหมายการค้า มีค่าธรรมเนียมเท่าไหร่"
1652244819,"ค่าธรรมเนียมยื่นจดเครื่องหมายการค้าระหว่างประเทศ คือเท่าไหร่"
1652252031,"ขอช่องทางติดต่อผู้เชี่ยวชาญเฉพาะด้านทรัพย์สินทางปัญญาระหว่างประเทศ"
1652252031,"ขอช่องทางติดต่อผู้เชี่ยวชาญเฉพาะด้านกฎหมาย"
1652252031,"ขอช่องทางติดต่อผู้เชี่ยวชาญเฉพาะด้านลิขสิทธิ์"
1652252031,"ขอช่องทางติดต่อผู้เชี่ยวชาญเฉพาะด้านทรัพย์สินอุตสาหกรรม"
1652252031,"ขอช่องทางติดต่อผู้เชี่ยวชาญเฉพาะด้านสิทธิบัตร"
1652252941,"ทรัพย์สินทางปัญญา มีกี่ประเภท"
1652253004,"องค์การทรัพย์สินทางปัญญาโลก คืออะไร"
1652253141,"องค์การทรัพย์สินทางปัญญาโลก ทำหน้าที่อะไร"
1652253183,"วันทรัพย์สินทางปัญญาโลก ตรงกับวันใด"
1652253237,"ดูผลการดำเนินงานของกรมทรัพย์สินทางปัญญาได้ทางไหน"
1652253279,"ต้องการข้อมูลรายงานประจำปีของกรมทรัพย์สินทางปัญญา สามารถดูได้ทางใด"
1652256335,"ข้อจำกัดและข้อยกเว้นเกี่ยวกับงานลิขสิทธิ์มีอะไรบ้าง"
1652256457,"หากแจ้งข้อมูลลิขสิทธิ์ต่อกรมทรัพย์สินทางปัญญาจะถือเป็นการรับรองสิทธิ์ไหม"
1652256844,"งานลิขสิทธิ์จะต้องเป็นงานที่ริเริ่มสร้างสรรค์ด้วยตนเอง ใช่หรือไม่"
1652256844,"งานลิขสิทธิ์จะต้องมีลักษณะเข้าข่ายตามประเภทของงานที่กฎหมายลิขสิทธิ์รับรอง ใช่หรือไม่"
1652256844,"งานลิขสิทธิ์จะต้องเป็นงานที่ไม่ขัดต่อกฎหมายและศีลธรรมอันดี ใช่หรือไม่"
1652259379,"ถูกละเมิดลิขสิทธิ์ ต้องทำอย่างไร"
1652260264,"ผลงานที่ไม่ใช่ผลงานลิขสิทธิ์ มีอะไรบ้าง"
1652260562,"กรณีที่มีเจ้าของผลงานหลายคน ลิขสิทธิ์จะคุ้มครองผลงานกี่ปี"
1652260580,"หากบริษัทเป็นเจ้าของผลงาน ลิขสิทธิ์จะคุ้มครองผลงานกี่ปี"
1652260737,"กรณีที่เจ้าของผลงานไม่ได้ชื่อจริง ในการจดลิขสิทธ์จะสามารถคุ้มครองได้หรือไม่"
1652260755,"ภาพยนตร์ ลิขสิทธิ์สามารถคุ้มครองได้กี่ปี"
1652260771,"หากเป็นผลงานที่ถูกจ้างโดยทางกรม จะสามารถจดลิขสิทธิ์และคุมครองได้กี่ปี"
1652260785,"งานศิลปะประยุกต์ มีความคุ้มครองกี่ปี"
1652260801,"ภาพถ่าย ลิขสิทธิ์สามารถคุ้มครองได้กี่ปี"
1652262105,"ต้องการดูข้อมูลอัตราการจัดเก็บค่าลิขสิทธิ์"
1652262123,"ต้องการดูรายชื่อเพลงที่จัดเก็บค่าลิขสิทธิ์ทั้งหมด"
1652262139,"ต้องการดูรายชื่อเพลงสากลที่จัดเก็บค่าลิขสิทธิ์"
1652262154,"ต้องการดูรายชื่อเพลงสากลที่จัดเก็บค่าลิขสิทธิ์ของบริษัท อินเตอร์ มิวสิค ก๊อปปี้ไรท์ จำกัด"
1652262176,"ต้องการดูรายชื่อเพลงสากลที่จัดเก็บค่าลิขสิทธิ์ของบริษัท เอ็มพีซี มิวสิค จำกัด"
1652262238,"ต้องการดูรายชื่อเพลงสากลที่จัดเก็บค่าลิขสิทธิ์ของบริษัท โฟโนไรทส์ (ไทยแลนด์) จำกัด"
1652262258,"ต้องการดูรายชื่อเพลงสากลที่จัดเก็บค่าลิขสิทธิ์ของบริษัท ลิขสิทธิ์ดนตรี (ประเทศไทย) จำกัด"
1652262302,"ต้องการดูข้อมูลและมาตรการเกี่ยวกับการจัดเก็บค่าลิขสิทธิ์เพลงปี 2563"
1652262302,"ต้องการดูข้อมูลและมาตรการเกี่ยวกับการจัดเก็บค่าลิขสิทธิ์เพลงปี 2562"
1652262341,"ต้องการดูรายชื่อเพลงสากลที่จัดเก็บค่าลิขสิทธิ์ของบริษัท ดิจิทัล เอนเทอเทนเม้นท์ เอ็กซ์เปอร์ท จำกัด"
1652262438,"ต้องการดูมาตรการความช่วยเหลือผู้ใช้งานลิขสิทธิ์เพลงในพื้นที่ 3 จังหวัดชายแดนภาคใต้"
1652262438,"ต้องการทราบข้อมูลการจัดเก็บค่าลิขสิทธิ์เพลงได้จากที่ไหน"
1652262518,"ต้องการตัวแทนในการดำเนินคดีละเมิดสิทธิ์สามารถติดต่อได้ที่ไหน"
1652262518,"ต้องการตัวแทนดำเนินคดีละเมิดลิขสิทธิ์เกี่ยวกับผลงานเพลงต้องติดต่อที่ไหน"
1652262518,"ทางกรมสามารถหาตัวแทนในการดำเนินคดีละเมิดสิทธิ์ให้ได้ไหม"
1652262518,"เราสามารถหาตัวแทนมาช่วยในการดำเนินคดีละเมิดสิทธิ์"
1652262535,"อยากทราบรายละเอียดการใช้งานลิขสิทธิ์ที่เป็นธรรม สามารถดูได้ทางไหน"
1652262548,"หากเป็นผลงานที่ไม่ใช่ผลงานลิขสิทธิ์ผู้อื่นก็สามารถนำผลงานของเราไปใช้ได้ใช่ไหม"
1652262646,"ในการแจ้งลิขสิทธิ์ สำนักลิขสิทธิ์จะทำการแจ้งภายในกี่วัน"
1652262646,"หากต้องแก้ไขคำของแจ้งข้อมูลลิขสิทธิ์ ต้องแก้ไขภายในกี่วัน"
1652262698,"หากไม่ได้แก้ไขคำของแจ้งข้อมูลลิขสิทธิ์ จะส่งผลยังไง"
1652262711,"ในการกรอกข้อมูลแจ้งข้อมูลลิขสิทธิ์ชื่อตัวแทนต้องกรอกอย่างไร"
1652262784,"ในการกรอกข้อมูลแจ้งข้อมูลลิขสิทธิ์ชื่อผู้สร้างสรรค์หรือนามแฝงต้องกรอกอย่างไร"
1652262784,"ในการกรอกข้อมูลแจ้งข้อมูลลิขสิทธิ์ชื่อผู้สร้างสรรค์ร่วมหรือนามแฝงต้องกรอกอย่างไร"
1652262800,"ในการกรอกข้อมูลแจ้งข้อมูลลิขสิทธิ์ประเภทผลงานต้องกรอกอย่างไร"
1652262871,"ในการกรอกข้อมูลแจ้งข้อมูลลิขสิทธิ์ลักษณะการสร้างสรรค์ ต้องกรอกอย่างไร"
1652262909,"ในการกรอกข้อมูลแจ้งข้อมูลลิขสิทธิ์การโฆษณา ต้องกรอกอย่างไร"
1652262919,"ในการกรอกข้อมูลแจ้งข้อมูลการอนุญาตให้ใช้ลิขสิทธิ์/ โอนลิขสิทธิ์  ต้องกรอกอย่างไร"
1652262956,"สามารถตรวจสอบรายการสินค้าและบริการสำหรับยื่นจดในต่างประเทศได้ทางไหน"
1652262977,"ในการกรอกข้อมูลแจ้งข้อมูลการเผยแพร่ข้อมูลลิขสิทธิ์  ต้องกรอกอย่างไร"
1652262993,"ในการกรอกข้อมูลแจ้งข้อมูลสถานที่สร้างสรรค์  ต้องกรอกอย่างไร"
1652263047,"ในการกรอกข้อมูลแจ้งข้อมูลชื่อผลงาน  ต้องกรอกอย่างไร"
1652263084,"ในการกรอกข้อมูลแจ้งข้อมูลการแจ้ง/จดทะเบียนลิขสิทธิ์ในต่างประเทศ  ต้องกรอกอย่างไร"
1652263619,"ในการยื่นคำขอแจ้งข้อมูลลิขสิทธิ์ใบต่อท้ายคำขอแจ้งข้อมูลลิขสิทธิ์ ต้องกรอกอย่างไร"
1652263635,"ในการยื่นคำขอแจ้งข้อมูลลิขสิทธิ์แบบแสดงรายละเอียดเกี่ยวกับการสร้างสรรค์ผลงาน ต้องกรอกอย่างไร"
1652263671,"ในการยื่นคำขอแจ้งข้อมูลลิขสิทธิ์หนังสือรับรองความเป็นเจ้าของงานลิขสิทธิ์ ต้องกรอกอย่างไร"
1652263686,"ในการยื่นคำขอแจ้งข้อมูลลิขสิทธิ์ต้องใช้เอกสารหลักฐานประกอบอะไรบ้าง"
1652263730,"สามารถดาวน์โหลดตัวอย่าง หนังสือรับรองการเเจ้งข้อมูลลิขสิทธิ์ได้ยังไง"
1652263871,"สามารถดาวน์โหลดตัวอย่างสัญญาว่าจ้างศิลปินเฉพาะคราวได้ที่ไหน"
1652263871,"สามารถดาวน์โหลดตัวอย่างว่าจ้างศิลปินเข้าสังกัดได้ที่ไหน"
1652263871,"สามารถดาวน์โหลดตัวอย่างสัญญาอนุญาตให้ใช้ลิขสิทธิ์งานวรรณกรรมระหว่างนักเขียนกับสำนักพิมพ์ได้ที่ไหน"
1652263871,"สามารถดาวน์โหลดตัวอย่างสัญญาแปลงานวรรณกรรมระหว่างนักแปลกับสำนักพิมพ์ได้ที่ไหน"
1652263871,"สามารถดาวน์โหลดตัวอย่างสัญญาอนุญาตให้ใช้ลิขสิทธิ์งานวรรณกรรมได้ที่ไหน"
1652263871,"สามารถดาวน์โหลดตัวอย่างสัญญาอนุญาตให้ใช้สิทธิงานดนตรีกรรม(คำร้อง)ได้ที่ไหน"
1652263871,"สามารถดาวน์โหลดตัวอย่างสัญญาอนุญาตให้ใช้สิทธิงานดนตรีกรรม(ทำนอง)ได้ที่ไหน"
1652263871,"สามารถดาวน์โหลดตัวอย่างสัญญาอนุญาตให้ใช้งานลิขสิทธิงานดนตรีกรรม(ทำซ้ำและเรียบเรียงเสียงประสาน)ได้ที่ไหน"
1652263871,"สามารถดาวน์โหลดตัวอย่างสัญญาอนุญาตให้ใช้สิทธิงานโปรแกรมคอมพิวเตอร์(Shrink Wrap License)ได้ที่ไหน"
1652263871,"สามารถดาวน์โหลดตัวอย่างสัญญาอนุญาตให้ใช้สิทธิงานโปรแกรมคอมพิวเตอร์(โดยคู่สัญญาลงนามทั้งสองฝ่าย)ได้ที่ไหน"
1652263871,"สามารถดาวน์โหลดตัวอย่างสัญญาอนุญาตให้ใช้สิทธิงานดนตรีกรรม(คำร้องและทำนอง)ได้ที่ไหน"
1652324327,"ขั้นตอนการต่ออายุเครื่องหมายการค้า มีอะไรบ้าง"
1652324327,"ขั้นตอนการต่ออายุเครื่องหมายการค้า"
1652326028,"การต่ออายุเครื่องหมายการค้าแบบเร่งด่วน (Renewal Fast Track) ต้องดำเนินการอย่างไร"
1652407389,"อัตราโทษการปลอมเครื่องหมายการค้าของบุคคลอื่นคืออะไร"
1652408271,"ค่าธรรมเนียมสิทธิบัตรการออกแบบผลิตภัณฑ์ในประเทศเท่าไหร่"
1652408271,"ค่าธรรมเนียมสิทธิบัตรการออกแบบผลิตภัณฑ์เท่าไหร่"
1652408271,"ค่าธรรมเนียมยื่นจดสิทธิบัตรการออกแบบผลิตภัณฑ์ต่างประเทศประเทศเท่าไหร่"
1652408271,"สามารถชำระค่าธรรมเนียมการยื่นจดสิทธิบัตรออกแบบได้ทางไหน"
1652408371,"ค่าธรรมเนียมสิทธิบัตร"
1652408371,"ค่าธรรมเนียมสิทธิบัตรการออกแบบผลิตภัณฑ์"
1652411234,"ความแตกต่างสินค้า OTOP กับ GI"
1652413018,"การละเมิด"
1652414610,"สิทธิบัตรออกแบบ"
1652422480,"สิทธิบัตรออกแบบใช้เวลาประกาศโฆษณากี่วัน"
1652422534,"สามารถตรวจสอบคำขอสิทธิบัตรออกแบบที่อยู่ระหว่างประกาศโฆษณาได้ทางไหน"
1652422602,"ต้องการคู่มือตรวจสอบคำขอรับสิทธิบัตรออกแบบผลิตภัณฑ์"
1652422602,"การจดทะเบียนสิทธิบัตรการประดิษฐ์"
1652422602,"การจดทะเบียนสิทธิบัตร"
1652422663,"สามารถตรวจสอบสิทธิบัตรออกแบบที่ยังอยู่ในระยะเวลาคัดค้าน ได้ที่ไหน"
1652422925,"ต้องการดาวน์โหลดแบบคำร้องขอขยายระยะเวลาชำระค่าธรรมเนียมรายปี"
1652423597,"สามารถดูประกาศคณะกรรมการตัวแทนสิทธิบัตร ที่ 4/2564 ได้ที่ไหน"
1652427230,"สถิติขอขึ้นทะเบียนสิทธิบัตรการออกแบบได้ที่ไหน"
1652427267,"แบบผลิตภัณฑ์ที่กำหนดโดยพระชาซกกษฎีกา สามารถขอรับสิทธิบัตรได้ไหม"
1652427288,"แบบผลิตภัณฑ์ที่ได้มีการประกาศโฆษณามาก่อน สามารถขอรับสิทธิบัตรได้ไหม"
1652430143,"อยากทราบขั้นตอน ระยะเวลาจดทะเบียนสิทธิบัตรการประดิษฐ์ สามารถดูได้ทางช่องทางไหน"
1652618009,"ต้องการดาวน์โหลดหนังสือที่เกี่ยวกับ GI สามารถดาวน์โหลดได้ที่ไหน"
1652618122,"ขอทราบชื่อ Facebook ของสิ่งบ่งชี้ทางภูมิสาสตร์ค่ะ"
1652618169,"ขอทราบชื่อ Facebook ของสิ่งบ่งชี้ทางภูมิศาสตร์ค่ะ"
1652618251,"ต้องการทราบรายละเอียด สินค้า GI ในแต่ละภูมิภาค สามารถดูได้ทางไหน"
1652618298,"สามารถดาวน์โหลดเอกสารกฎกระทรวง (Ministerial regulations) ได้จากไหน"
1652618558,"จะยื่นคำขอขึ้นทะเบียนสิ่งบ่งชี้ทางภูมิศาสตร์จะต้องไม่เป็นชื่อสามัญของสินค้าที่จะใช้สิ่งบ่งชี้ทางภูมิศาสตร์ ใช่หรือไม่"
1652618882,"จะยื่นคำขอขึ้นทะเบียนสิ่งบ่งชี้ทางภูมิศาสตร์จะต้องไม่เป็นสิ่งบ่งชี้ทางภูมิศาสตร์ที่ขัดต่อความสงบเรียบร้อยหรือศีลธรรมอันดีของประชาชนหรือนโยบายแห่งรัฐ ใช่หรือไม่"
1652632823,"สามารถขอคำปรึกษาด้านทรัพย์สินทางปัญญาได้ทางไหน"
1652632823,"ต้องการปรึกษากับผู้เชี่ยวชาญเรื่องเกี่ยวกับทรัพย์สินทางปัญญาสามารถติดต่อทางไหนได้บ้าง"
1652632823,"สามารถใช้บริการวิเคราะห์แนวโน้มเทคโนโลยีสิทธิบัตรได้ช่องทางไหน"
1652632823,"ต้องการวิเคราะห์แนวโน้มสิทธิบัตร ต้องทำอย่างไร"
1652632931,"ต้องการปรึกษาด้านทรัพย์สินทางปัญญามีค่าใช้จ่ายหรือไม่"
1652632963,"TISC ให้บริการด้านไหน"
1652633158,"สามารถสมัคร IP Mart ได้กี่ช่องทาง"
1652633189,"จะสั่งซื้อสินค้า IP Mart ต้องทำยังไง"
1652633215,"จะขายสินค้า IP Mart ต้องทำยังไง"
1652633239,"ต้องการทราบขั้นตอนการลงทะเบียนผู้ขาย"
1652633263,"ขอแนะนำการใช้งานสำหรับผู้ซื้อ IP Mart"
1652633288,"ขอแนะนำการใช้งานสำหรับผู้ขาย IP Mart"
1652633420,"จะสมัครสมาชิก IP Mart ยังไง"
1652633456,"ขอเบอร์โทรศัพท์ติดต่อศูนย์ปฏิบัติการ IP Mart"
1652633489,"ต้องการปรึกษาในการเจรจาธุรกิจระหว่างผู้ซื้อ และผู้ขายต้องติดต่อที่ไหน"
1652633489,"ต้องการคำแนะนำในการใช้งานระบU ThailPMartต้องติดต่อที่ไหน"
1652633549,"สามารถขายสินค้าประเภทใดได้บ้าง"
1652633549,"สามารถขายสินค้าประเภทได้กี่บ้าง"
1652633670,"เจ้าหน้าที่พิจารณาสินค้าที่จะลงขายยังไง"
1652633700,"จะทราบได้ยังไงถ้ามีคนซื้อสินค้าที่ลงขายไปใน IP Mart"
1652633756,"IP Mart สามารถขายอะไรได้บ้าง"
1652633823,"จะขายสินค้าต้องกรอกข้อมูลสินค้ายังไง"
1652633856,"สมัครสมาชิกเพื่อเรียนออนไลน์ได้ที่ไหน"
1652634166,"หากไม่แน่ใจว่าสิ่งประดิษฐ์/ผลงานของตนเองจดทะเบียนทรัพย์สินทางปัญญาประเภทไหนได้บ้าง ควรทำอย่างไร"
1652634166,"สามารถขอคำปรึกษาด้านทรัพย์สินทางปัญญาได้ทางไหน"
1652634166,"ต้องการปรึกษากับผู้เชี่ยวชาญเรื่องเกี่ยวกับทรัพย์สินทางปัญญาสามารถติดต่อทางไหนได้บ้าง"
1652634166,"สามารถใช้บริการวิเคราะห์แนวโน้มเทคโนโลยีสิทธิบัตรได้ช่องทางไหน"
1652634166,"ต้องการวิเคราะห์แนวโน้มสิทธิบัตร ต้องทำอย่างไร"
1652634221,"ต้องการปรึกษาจาก IPAC มีค่าใช้จ่ายหรือไม่"
1652634248,"จะขอรับคำปรึกษาได้ที่ IPAC ต้องไปที่ไหน"
1652634427,"กระบวนการไกล่เกลี่ยข้อพิพาทมีพิธีการที่ยุ่งยากหรือไม่"
1652634449,"กระบวนการไกล่เกลี่ยข้อพิพาทการพิจารณาใช้เวลาที่สั้น ใช่หรือไม่"
1652634487,"ข้อดีของการไกล่เกลี่ยมีข้อดีอะไรบ้าง"
1652634513,"กระบวนการไกล่เกลี่ยข้อพิพาทคู่พิพาทไม่ต้องเสียค่าธรรมเนียม และค่าใช้จ่ายใดๆ ใช่หรือไม่"
1652634540,"เจ้าหน้าที่กรมทรัพย์สินทางปัญญา จะเป็นคนกลางในการไกล่เกลี่ยทำให้การพิจารณาการไกล่เกลี่ยข้อพิพาทใช่หรือไม่"
1652634563,"กระบวนการไกล่เกลี่ยข้อพิพาทการพิจารณาเป็นความลับ ใช่หรือไม่"
1652634648,"ระงับข้อพิพาทออนไลน์ต้องทำอย่างไร"
1652634702,"ข้อพิพาทด้านทรัพย์สินทางปัญญา ได้แก่อะไรบ้าง"
1652752165,"สิทธิบัตร"
1652752242,"ลิขสิทธิ์"
1652752451,"สอบถามข้อมูลทั่วไปเกี่ยวกับกรม"
1652755193,"ขั้นตอนการจดทะเบียนเครื่องหมายการค้าระหว่างประเทศภายใต้พิธีสารมาดริด มีอะไรบ้าง"
1652755853,"ต้องการคู่มือตรวจสอบคำขอรับสิทธิบัตรออกแบบผลิตภัณฑ์"
1652756060,"ต้องการดาวน์โหลดตัวอย่างการกรอกแบบฟอร์ม และเอกสารที่ใช้ในการขอรับสิทธิบัตร"
1652757214,"อธิบดีกรมทรัพย์สินทางปัญญาคนปัจจุบันคือใคร"
1652757214,"อยากทราบเบอร์ติดต่ออธิบดีกรมทรัพย์สินทางปัญญา"
1652757214,"มีอีเมลติดต่ออธิบดีกรมทรัพย์สินทางปัญญาไหม"
1652757214,"ผู้อำนวยการกองเครื่องหมายการค้า คือใคร"
1652757214,"ผู้อำนวยการกองสิทธิบัตร คือใคร"
1652757214,"ผู้อำนวยการกองลิขสิทธิ์ คือใคร"
1652757214,"ผู้อำนวยการกองกฎหมาย"
1652757214,"ผู้อำนวยการกองป้องปรามการละเมิดทรัพย์สินทางปัญญา คือใคร"
1652757214,"เลขานุการกรม คือใคร"
1652757214,"ผู้อำนวยการกองพัฒนาความร่วมมือทรัพย์สินทางปัญญา คือใคร"
1652757214,"ผู้อำนวยการกองสิทธิบัตรออกแบบ คือใคร"
1652757214,"ผู้อำนวยการกองส่งเสริมการพัฒนาทรัพย์สินทางปัญญา คือใคร"
1652757214,"ผู้อำนวยการกองสิ่งบ่งชี้ทางภูมิศาสตร์ คือใคร"
1652757214,"ผู้อำนวยการกองศูนย์เทคโนโลยีสารสนเทศและการสื่อสาร คือใคร"
1652757214,"รองอธิบดี คือใคร"
1652757214,"ขอทราบอีเมลเพื่อติดต่อรองอธิบดี"
1652758765,"TISC คืออะไร"
1652760199,"IP Mart คืออะไร"
1652760844,"IPAC คืออะไร"
1652778310,"กรมทรัพย์สินทางปัญญามีประวัติความเป็นมาอย่างไร"
1652885681,"สามารถติดตามข่าวสารกรมทรัพย์สินทางปัญญาได้ทางไหน"
1652925837,"กรมทรัพย์สินทางปัญญาอยู่จังหวัดไหน"
1652931010,"สมัคร IP Mart ยังไง"
1652931010,"สามารถนำสินค้าที่ได้รับสิทธิบัตรออกแบบผลิตภัณฑ์ไปขายใน IP Mart ได้ไหม"
1652931010,"สามารถนำสินค้าที่ได้รับเครื่องหมายการค้าไปขายใน IP Mart ได้ไหม"
1652931010,"สามารถนำสินค้าที่ได้รับอนุสิทธิบัตรไปขายใน IP Mart ได้ไหม"
1652931010,"สามารถนำผลงานนวัตกรรมไปขายใน IP Mart ได้ไหม"
1652931010,"สามารถนำผลงานนวัตกรรมไปขายใน IP Mart ได้ไหม"
1652946149,"ขายของใน IP Mart มีค่าใช้จ่ายไหม"
1652946174,"ต้องการซื้อสินค้าผ่านทาง IP Mart ต้องเข้าใช้งานทางไหน"
1652946253,"สามารถนำเครื่องใช้ไฟฟ้าไปขายใน IP Mart ได้ไหม"
1652946253,"อยากทราบรายละเอียดของ IP Mart สามมารถดูได้ทางไหน"
1652946253,"ต้องการขายสินค้าบนเว็บไซต์ของทางกรมสามารถขายได้ที่ไหน"
1652946370,"สามารถลงทะเบียนเรียนทางกรมของกรมทรัพย์สินทางปัญญาได้ทางไหน"
1652946370,"ระบบเรียนทางไกลของกรมทรัพย์สินทางปัญญามีหลักสูตรใดบ้าง"
1652946370,"สามารถลงทะเบียนเรียนระบบทางไกลได้เมื่อไหร่"
1652946370,"หลักสูตร ความรู้ทรัพย์สินทางปัญญาสากลเรียนเกี่ยวกับอะไร"
1652946370,"หลักสูตร ความรู้ทรัพย์สินทางปัญญาไทยเรียนเกี่ยวกับอะไร"
1652946370,"มีความสนใจเกี่ยวกับทรัพย์สินทางปัญญา ต้องเรียนหลักสูตรใด"
1652946370,"มีหลักสูตรไหนเปิดรับสมัครบ้าง"
1652946370,"หลักสูตร ความรู้ทรัพย์สินทางปัญญาไทย เปิดกี่รอบ"
1652947081,"ไม่สะดวกไปไกล่เกลี่ยข้อพิพาทที่กรมสามารถทำอย่างไรได้บ้าง"
1652947114,"ต้องการทำการไกล่เกลี่ยข้อพิพาทด้านทรัพย์สินทางปัญญาออนไลน์ต้องดำเนินการอย่างไร"
1652947139,"ต้องการไปไกล่เกลี่ยข้อพิพาทที่กรมต้องดำเนินการยังไง"
1652951552,"จดลิขสิทธิ์ 1 ครั้งคุ้มครองกี่ปี"
1652951815,"ต้องโอนลิขสิทธิ์ให้คนอื่น จะต้องทำยังไงบ้าง"
1652951899,"ต้องการดูบริษัทจัดเก็บค่าลิขสิทธิ์เพลงขานรับนโยบายกรมทรัพย์สินทางปัญญา"
1652951899,"ข้อมูลประกอบข่าวประชาสัมพันธ์บริษัทจัดเก็บค่าลิขสิทธิ์เพลงขานรับนโยบายกรมทรัพย์สินทางปัญญา ขยายมาตรการช่วยเหลือผู้ประกอบการ 3 จังหวัดชายแดนภาคใต้ เพิ่มอีก 1 ปี"
1652954119,"กรมทรัพย์สินทางปัญญามีระบบ e-Learning หรือไม่"
1652954693,"อยากยื่นขอขึ้นทะเบียนสิ่งบ่งชี้ต้องทำอย่างไร"
1652956389,"สวัสดี"
1652956389,"ทักครับ"
1652956389,"ถามหน่อยครับ"
1652956389,"สวัสดีค่ะ"
1652956389,"ทัก"
1652956389,"สอบถาม"
1652964377,"สามารแก้ไขข้อมูลใน e-filing ได้ไหม"
1653013214,"อำนาจ หน้าที่ ของกรมฯ"
1653013214,"กรมทรัพย์สินทางปัญญา ทำหน้าที่อะไร"
1653013522,"กรมทรัพย์สินทางปัญญาอยู่ที่ไหน"
1653013522,"สถานที่ตั้งของกรมทรัพย์สินทางปัญญา"
1653015084,"สามารถติดตามกรมได้ช่องทางไหนบ้าง"
1653234218,"ผู้บริหารกรมคือใคร"
1653235032,"ต้องการยืนยันตัวตนเพื่อยื่นจดทะเบียนสิทธิบัตรออกต้องทำยังไง"
1653235186,"อยากทราบวิธีการ Log in เข้าสู่ระบบเพื่อทำการยื่นจดสิทธิบัตรออกแบบออนไลน์"
1653235297,"ยื่นจดสิทธิบัตรออกแบบต้องเสียค่าธรรมเนียมเท่าไหร่"
1653235345,"สามารถชำระค่าธรรมเนียมยื่นจดสิทธิบัตรออกแบบได้ยังไง"
1653235416,"หากต้องการยื่นจดสิทธิบัตรออกแบบด้วยตนเองสามารถยื่นได้ที่ไหนบ้าง"
1653235435,"หากต้องการยื่นจดสิทธิบัตรออกแบบด้วยตนเองจะต้องกรอกแบบฟอร์มอย่างไร"
1653235472,"ต้องการยื่นคำขอจดสิทธิบัตรออกแบบที่กรมสารถจองคิวล่วงหน้าได้ไหม"
1653235509,"หากจะยื่นจดสิทธิบัตรออกแบบผ่านสำนักงานพาณิชย์จังหวัดต้องดำเนินการยังไง"
1653235539,"ยื่นจดสิทธิบัตรออกแบบผ่านระบบไปรษณีย์ได้หรือไม่"
1653235596,"สามารถติดตามสถานะคำขอยื่นจะทะเบียนสิทธิบัตรออกแบบได้ทางไหน"
1653272391,"ต่อจากวันจันทร์คือวันอะไร"
1653272391,"ก่อนวันพุธคือวันอะไร"
1653272456,"ต่อจากวันจันทร์คือวันอะไร"
1653272456,"ก่อนวันพุธคือวันอะไร"
1653272875,"ต่อจากวันจันทร์คือวันอะไร"
1653272875,"ก่อนวันพุธคือวันอะไร"
1653272875,"A-Z"
1653367197,"เราสามารถโอนลิขสิทธิ์ให้คนอื่นได้หรือไม่"
1653367395,"ต้องการยืนยันตัวตน e-Authentication ต้องทำยังไง"
1653367567,"เข้าสู่ระบบ e-Authentication ไม่ได้ ต้องทำยังไง"
1653375747,"สามารถเข้าสู่ระบบ e-Authentication ได้อย่างไร"
1653375820,"อยากได้ตัวอย่างแบบฟอร์มของ e-Authentication"
1653375950,"แจ้งจดลิขสิทธิ์ออนไลน์ต้องเสียค่าธรรมเนียมไหม"
1653375950,"ค่าธรรมเนียมการแจ้งจดลิขสิทธิ์ออนไลน์เท่าไหร่คะ"
1653376036,"สามารถดาวน์โหลดหนังสือสำคัญลิขสิทธิ์ออนไลน์ได้ทางไหน"
1653376057,"Menu2"
1653383028,"อยากทราบรายละเอียดการยื่นคำขอออนไลน์ สามารถดูได้ทางไหน"
1653383968,"มีขั้นตอนการกรอกแบบฟอร์มออนไลน์ไหมคะ"
1653386212,"เอกสารที่ต้องใช้ในการแจ้งลิขสิทธิ์มีอะไรบ้าง"
1653455164,"เครื่องหมายการค้า"
1653465532,"ความคุ้มครอง"
1653465989,"อยากนำเครื่องปั้นดินเผาไปลงขาย ทางกรมีช่องทางการขายสินค้าไหม"
1653466386,"อยากทราบรายละเอียดของ IP Mart สามารถดูได้ทางไหน"
1653466432,"อยากทราบรายละเอียดของ IP Mart สามมารถดูได้ทางไหน"
1653466432,"ต้องการขายสินค้าบนเว็บไซต์ของทางกรมสามารถขายได้ที่ไหน"
1653467491,"ค่าธรรมเนียมจดแจ้งลิขสิทธิ์"
1653468184,"วิธีการโอนลิขสิทธิ์"
1653468474,"สิ่งบ่งชี้ทางภูมิศาสตร์"
1656606745,"ถ้าเป็นสมาชิก IP Mart อยู่แล้วจะลงขายสินค้าต้องทำยังไง"
1656606745,"ถ้าไม่ได้เป็นสมาชิก IP Mart จะลงขายสินค้าต้องทำยังไง"
1656609284,"ลิขสิทธิ์คืออะไร"
1656609431,"ข้อจำกัดและข้อยกเว้นเกี่ยวกับงานลิขสิทธิ์มีอะไรบ้าง"
1656609431,"ข้อยกเว้นลิขสิทธิ์มีอะไรบ้าง"
1656609431,"ข้อจำกัดลิบสิทธิ์มีอะไรบ้าง"
1656612718,"อายุความคุ้มครองลิขสิทธิ์"
1656613636,"เข้าเรียน DIP e-Learning ยังไง"
1656613636,"เข้าสอบประเมินผล DIP e-Learning ยังไง"
1656613636,"DIP e-Learning"
1656614016,"บริการไกล่เกลี่ยข้อพิพาท"
1656614062,"อยากทราบรายละเอียดกระบวนการอนุญาโตตุลาการได้ทางไหน"
1656614062,"กระบวนการอนุญาโตตุลาการ"
1656615404,"อยากทราบขั้นตอนการกรอกแบบฟอร์มยื่นจดสิทธิบัตรออกแบบอออนไลน์"
1656615564,"ยื่นจดสิทธิบัตรออกแบบต้องเสียค่าธรรมเนียมไหม"
1656641465,"ข่าวสารและกิจกรรม"
1656646532,"สิทธิบัตรการประดิษฐ์ คืออะไร"
1656646532,"สิทธิบัตรการประดิษฐ์"
1656646532,"สิทธิบัตรประดิษฐ์"
1656646532,"การจดสิทธิบัตรการประดิษฐ์"
1656646532,"ขอจดสิทธิบัตรการประดิษฐ์"
1656646584,"อนุสิทธิบัตร คืออะไร"
1656646584,"อนุสิทธิบัตร"
1656646584,"อยากสอบถามเรื่องอนุสิทธิบัตร"
1656646584,"อยากทำอนุสิทธิบัตร"
1656648667,"โทษของการเลียนแบบเครื่องหมายการค้าของบุคคลอื่น คืออะไร"
1656648798,"เครื่องหมายเสียง คืออะไร"
1656648798,"เครื่องหมายเสียง คือ"
1656648798,"เครื่องหมายเสียง ทำอะไรได้บ้าง"
1656648907,"จะจดเครื่องหมายการค้าต้องมีลักษณะใดบ้าง"
1656648907,"เครื่องหมายการค้าแบบไหนที่จดทะเบียนได้"
1656648907,"ลักษณะต้องห้ามของเครื่องหมายการค้า"
1656648907,"จะจดเครื่องหมายการค้าต้องมีลักษณะใดอย่าง"
1656648907,"จะจดเครื่องหมายการค้าต้องมีลักษณะอย่างไรบ้าง"
1656648971,"ลักษณะต้องห้ามของเครื่องหมายการค้า มีอะไรบ้าง"
1656648971,"ลักษณะต้องห้ามของเครื่องหมายการค้า คือ"
1656648971,"ลักษณะต้องห้ามของเครื่องหมายการค้า อย่างไรบ้าง"
1656649040,"เครื่องหมายการค้ามีอายุการคุ้มครองกี่ปี"
1656649040,"เครื่องหมายการค้ามีอายุ"
1656649040,"อายุการคุ้มครองกี่ปี"
1656649141,"เครื่องหมายการค้าคุ้มครองสีหรือไม่"
1656649141,"คุ้มครองสี"
1656649141,"เครื่องหมายการค้าคุ้มครองสีไหม"
1656649141,"เครื่องหมายการค้าคุ้มครองสี อย่างไร"
1656649141,"เครื่องหมายการค้าคุ้มครองสี ทำอย่างไร"
1656649195,"เครื่องหมายเสียงคุ้มครองอย่างไร"
1656649195,"เครื่องหมายเสียงคุ้มครอง มีอะไร"
1656649195,"เครื่องหมายเสียงคุ้มครอง สำคัญไหม"
1656649508,"พิธีสารมาดริด คืออะไร"
1656649508,"พิธีสารมาดริด ทำอย่างไร"
1656649508,"พิธีสารมาดริด คือ"
1656649508,"พิธีสารมาดริด อะไร"
1656649537,"สามารถชำระเงินค่าธรรมเนียมได้กี่ช่องทาง"
1656649537,"ค่าธรรมเนียมยื่นจดระหว่างประเทศ"
1656649537,"สามารถชำระเงินค่าธรรมเนียมผ่านทางระบบ e-Filing ได้ไหม"
1656649537,"ช่องทางยื่นคำขอจดทะเบียน มี 4 ช่องทาง"
1656649586,"สามารถดูรายละเอียดกฏหมายเครื่องหมายการค้าได้ทางไหน"
1656649586,"กฎหมายเครื่องหมายการค้า"
1656649586,"สามารถดูรายละเอียดกฏหมายเครื่องหมายการค้าได้"
1656649586,"สามารถดูรายละเอียดกฏหมายเครื่องหมายการค้า"
1656650459,"สามารถตรวจสอบความเหมือนคล้ายของเครื่องหมายการค้าได้ทางไหน"
1656650459,"ตรวจสอบความเหมือนคล้ายของเครื่องหมายการค้า"
1656650459,"สามารถตรวจสอบความเหมือนคล้ายของเครื่องหมายการค้าได้ทางไหน มีอะไรบ้าง"
1656650459,"สามารถตรวจสอบความเหมือนคล้ายของเครื่องหมายการค้าได้ทางไหน ทำอย่างไร"
1656650609,"มีวิธีใช้งานระบบตรวจสอบความเหมือนคล้ายเครื่องหมายการค้าไหม"
1656650609,"วิธีใช้งานระบบตรวจสอบความเหมือนคล้ายเครื่องหมายการค้า"
1656650609,"มีวิธีใช้งานระบบตรวจสอบความเหมือนคล้ายเครื่องหมายการค้าไหม มีอะไร"
1656650609,"มีวิธีใช้งานระบบตรวจสอบความเหมือนคล้ายเครื่องหมายการค้า อย่างไร"
1656651007,"ต้องการส่งไปรษณีย์ให้ ต้องส่งที่อยู่ไหน"
1656651007,"ต้องการส่งไปรษณีให้ ต้องส่งที่อยู่ยังไง"
1656651219,"สามารถตรวจสอบรายการสินค้าและบริการสำหรับยื่นจดในประเทศไทยได้ทางไหน"
1656651219,"สามารถตรวจสอบรายการสินค้าและบริการสำหรับยื่นจดในต่างประเทศได้ อย่างไร"
1656651219,"สามารถตรวจสอบรายการสินค้าและบริการสำหรับยื่นจดในต่างประเทศ มีอะไรบ้าง"
1656651260,"การเตรียมเอกสารหลักฐานยื่นจดเครื่องหมายการค้า จะต้องเตรียมอะไรบ้าง"
1656651260,"การเตรียมเอกสารหลักฐานยื่นจดเครื่องหมายการค้า"
1656651260,"การเตรียมเอกสารหลักฐานยื่นจดเครื่องหมายการค้า จะต้องเตรียมอะไร"
1656651260,"การเตรียมเอกสารหลักฐานยื่นจดเครื่องหมายการค้า จะต้องเตรียม อย่างไร"
1656651294,"วิธียื่นจดทะเบียนเครื่องหมายการค้า e-Filing มีอะไรบ้าง"
1656651294,"เครื่องหมายการค้า e-Filing"
1656651294,"วิธียื่นจดทะเบียนเครื่องหมายการค้า e-Filing มีอะไร"
1656651294,"วิธียื่นจดทะเบียนเครื่องหมายการค้า e-Filing อย่างไร"
1656651375,"Log in เข้าสู่ระบบ e-Filing อย่างไร"
1656651375,"แก้ไขข้อมูลบัญชีผู้ใช้ระบบ e-Filing ต้องทำอย่างไร"
1656651375,"การชำระค่าธรรมเนียมยื่นจดทะเบียนผ่านระบบ e-Filing ต้องทำอย่างไร"
1656651375,"ระบบ e-Filing"
1656651375,"Log in เข้าสู่ระบบ e-Filing"
1656651375,"แก้ไขข้อมูลบัญชีผู้ใช้ระบบ e-Filing"
1656651500,"หากจะยื่นคำขอด้วยตนเอง สามารถยื่นได้กี่ช่องทาง"
1656651500,"หากจะยื่นคำขอด้วยตนเอง สามารถยื่นได้กี่ช่องทาง อย่างไร"
1656651500,"หากจะยื่นคำขอด้วยตนเอง สามารถยื่นได้กี่ช่องทางมีอะไรบ้าง"
1656651500,"หากจะยื่นคำขอด้วยตนเอง สามารถยื่นได้กี่ช่องทางอะไร"
1656651625,"หากจะยื่นคำขอผ่านระบบไปรษณีย์ จะต้องดำเนินการอย่างไร"
1656651625,"หากจะยื่นคำขอผ่านระบบไปรษณีย์ จะต้องดำเนินการ มีอย่างไร"
1656651625,"หากจะยื่นคำขอผ่านระบบไปรษณีย์ จะต้องดำเนินการ อะไรบ้าง"
1656651691,"การยื่นจดเครื่องหมายการค้าแบบเร่งด่วน (First Action Fast Track) มีหลักเกณฑ์ใดบ้าง"
1656651691,"การยื่นจดเครื่องหมายการค้าแบบเร่งด่วน (First Action Fast Track)"
1656651691,"การยื่นจดเครื่องหมายการค้าแบบเร่งด่วน (First Action Fast Track) มีหลักเกณฑ์ อย่างไรบ้าง"
1656651691,"การยื่นจดเครื่องหมายการค้าแบบเร่งด่วน (First Action Fast Track) มีหลักเกณฑ์ มีอย่างไร"
1656651778,"สามารถติดตามสถานะคำขอการยื่นจดเครื่องหมายการค้าแบบเร่งด่วน (First Action Fast Track) ได้อย่างไร"
1656651778,"สามารถติดตามสถานะคำขอการยื่นจดเครื่องหมายการค้าแบบเร่งด่วน"
1656651778,"สามารถติดตามสถานะคำขอการยื่นจดเครื่องหมายการค้าแบบเร่งด่วน (First Action Fast Track)"
1656651778,"First Action Fast Track"
1656651969,"สัญลักษณ์ตัวย่อของสถานะเครื่องหมายการค้า คืออะไร"
1656651969,"สัญลักษณ์ตัวย่อของสถานะเครื่องหมายการค้า"
1656651969,"สัญลักษณ์ตัวย่อของสถานะเครื่องหมายการค้า อย่างไร"
1656651969,"สัญลักษณ์ตัวย่อของสถานะเครื่องหมายการค้า"
1656652090,"แก้ไขคำขอตามคำสั่งของนายทะเบียน ต้องใช้เอกสารเพิ่มเติมใดบ้าง"
1656652090,"แก้ไขคำขอตามคำสั่งของนายทะเบียน ต้องใช้เอกสารเพิ่มเติม อย่างไรบ้าง"
1656652090,"แก้ไขคำขอตามคำสั่งของนายทะเบียน ต้องใช้เอกสารเพิ่มเติม มีอะไรบ้าง"
1656652507,"การยื่นคำขอแก้ไขเปลี่ยนแปลงข้อมูล ต้องเตรียมเอกสารใดบ้าง"
1656652507,"การยื่นคำขอแก้ไขเปลี่ยนแปลงข้อมูล ต้องเตรียมเอกสาร อย่างไร"
1656652507,"การยื่นคำขอแก้ไขเปลี่ยนแปลงข้อมูล ต้องเตรียมเอกสาร มีอะไรบ้าง"
1656652558,"การประกาศโฆษณา คืออะไร"
1656652558,"การประกาศโฆษณา อย่างไร"
1656652558,"การประกาศโฆษณา มีอะไรบ้าง"
1656652596,"การชำระค่าธรรมเนียมรับจดทะเบียน คือเท่าไหร่"
1656652596,"การชำระค่าธรรมเนียมรับจดทะเบียน คืออะไร"
1656652596,"การชำระค่าธรรมเนียมรับจดทะเบียน คืออย่างไร"
1656652596,"การชำระค่าธรรมเนียมรับจดทะเบียน"
1656652705,"ขั้นตอนการต่ออายุเครื่องหมายการค้า มีอะไรบ้าง"
1656652705,"ขั้นตอนการต่ออายุเครื่องหมายการค้า มีอะไร"
1656652705,"ขั้นตอนการต่ออายุเครื่องหมายการค้า มีอย่างไร"
1656657580,"สามารถดูรายละเอียดขั้นตอนการยื่นคำขอจดทะเบียนพื้นฐานได้ทางไหน"
1656657580,"ดูรายละเอียดขั้นตอนการยื่นคำขอจดทะเบียน"
1656657580,"สามารถดูรายละเอียดขั้นตอนการยื่นคำขอจดทะเบียนพื้นฐานได้ทางไหนได้บ้าง"
1656657805,"สามารถดูรายละเอียดการกรอกแบบฟอร์ม MM2 ได้ทางไหน"
1656657805,"รายละเอียดการกรอกแบบฟอร์ม MM2"
1656657805,"MM2"
1656657805,"ขอเอกสาร MM2"
1656658267,"จะชำระค่าธรรมเนียมการจดทะเบียนเครื่องหมายการค้าระหว่างประเทศภายใต้พิธีสารมาดริดผ่าน E-Payment ต้องดำเนินการอย่างไร"
1656658267,"จะชำระค่าธรรมเนียมการจดทะเบียนเครื่องหมายการค้าระหว่างประเทศภายใต้พิธีสารมาดริดผ่าน E-Payment ต้องดำเนินการ"
1656658360,"จะชำระค่าธรรมเนียมการจดทะเบียนเครื่องหมายการค้าระหว่างประเทศภายใต้พิธีสารมาดริดโดยการโอนเงินผ่านทางธนาคารต้องดำเนินการอย่างไร"
1656658360,"จะชำระค่าธรรมเนียมการจดทะเบียนเครื่องหมายการค้าระหว่างประเทศภายใต้พิธีสารมาดริดโดยการโอนเงินผ่านทางธนาคารต้องดำเนินการ"
1656658360,"ชำระค่าธรรมเนียมการจดทะเบียนเครื่องหมายการค้าระหว่างประเทศ"
1656658360,"พิธีสารมาดริดโดยการโอนเงินผ่านทางธนาคาร"
1656658399,"ค่าธรรมเนียมต่ออายุเครื่องหมายการค้าเท่าไหร่"
1656658399,"ค่าธรรมเนียมต่ออายุเครื่องหมายการค้า"
1656658399,"ค่าธรรมเนียมต่ออายุ"
1656659057,"สิทธิบัตรการออกแบบผลิตภัณฑ์ คืออะไร"
1656659057,"สิทธิบัตรการออกแบบ คืออะไร"
1656659057,"สิทธิบัตรการออกแบบผลิตภัณฑ์"
1656659057,"สิทธิบัตรการออกแบบผลิตภัณฑ์ อย่างไร"
1656659212,"การประดิษฐ์ที่นำออกไปเปิดเผยผ่านทางโทรทัศน์ หนังสือพิมพ์ มาก่อนจะยื่นขอจดทะเบียน จะสามารถจดสิทธิบัตรได้หรือไม่"
1656659212,"เปิดเผยทางโทรทัศน์"
1656659212,"เผยแพร่ทางโทรทัศน์"
1656659212,"เผยแพร่ผ่านทางโทรทัศน์"
1656659225,"สิทธิบัตรการออกแบบผลิตภัณฑ์ กับสิทธิบัตรการประดิษฐ์ ต่างกันยังไง"
1656659225,"สิทธิบัตรการออกแบบผลิตภัณฑ์ กับสิทธิบัตรการประดิษฐ์ ต่างกันอย่างไร"
1656659225,"สิทธิบัตรการออกแบบผลิตภัณฑ์ กับสิทธิบัตรการประดิษฐ์"
1656659367,"สิทธิบัตรการออกแบบคุ้มครองกี่ปี"
1656659367,"สิทธิบัตรการออกแบบคุ้มครอง"
1656659409,"สิทธิบัตรการออกแบบ คุ้มครองอะไรบ้าง"
1656659409,"สิทธิบัตรการออกแบบ คุ้มครอง อะไรบ้าง"
1656659426,"การจดทะเบียนสิทธิบัตรในประเทศไทยจะคุ้มครองทั่วโลกหรือไม่"
1656659426,"การจดทะเบียนสิทธิบัตรในประเทศไทย"
1656659426,"ยื่นขอจดทะเบียนในต่างประเทศ"
1656659462,"ถ้าจดทะเบียนสิทธิบัตรออกแบบจะคุ้มครองนานเท่าไหร่"
1656659462,"ถ้าจดทะเบียนสิทธิบัตรออกแบบจะคุ้มครองนาน"
1656659462,"ถ้าจดทะเบียนสิทธิบัตรออกแบบ จะคุ้มครองนานเท่าไหร่"
1656659558,"การประดิษฐ์ที่ไม่สามารถขอรับสิทธิบัตรการออกแบบผลิตภัณฑ์ได้ มีอะไรบ้าง"
1656659558,"การประดิษฐ์ที่ไม่สามารถขอรับสิทธิบัตรการออกแบบผลิตภัณฑ์ได้ มีอะไร"
1656659558,"การประดิษฐ์ที่ไม่สามารถขอรับสิทธิบัตรการออกแบบผลิตภัณฑ์ได้ อย่างไร"
1656659707,"วิธีการรักษาโรค สามารถขอรับสิทธิบัตรการออกแบบผลิตภัณฑ์ได้หรือไม่"
1656659707,"วิธีการรักษาโรค"
1656659707,"วิธีการรักษาโรค สามารถขอรับสิทธิบัตรการออกแบบผลิตภัณฑ์ได้หรือไม่"
1656659862,"ในการยื่นขอสิทธิบัตรออกแบบ หากมีผู้คัดค้านและผู้ยื่นโต้แย้ง ผู้พิจารณาจะใช้เวลากี่วันจะต้องดำเนินการต่อยังไง"
1656659862,"ในการยื่นขอสิทธิบัตรออกแบบ"
1656659862,"ในการยื่นขอสิทธิบัตรออกแบบ หากมีผู้คัดค้านและผู้ยื่นโต้แย้ง ผู้พิจารณาจะใช้เวลากี่วันจะต้องดำเนินการต่ออย่างไร"
1656659862,"ในการยื่นขอสิทธิบัตรออกแบบ หากมีผู้คัดค้านและผู้ยื่นโต้แย้ง ผู้พิจารณาจะใช้เวลากี่วันจะต้องดำเนินการ"
1656659927,"ในการยื่นขอสิทธิบัตรออกแบบ ใช้เวลาในการตรวจสอบการออกแบบกี่วัน"
1656659927,"ในการยื่นขอสิทธิบัตรออกแบบ"
1656659927,"ใช้เวลาในการตรวจสอบการออกแบบกี่วัน"
1656659927,"ในการยื่นขอสิทธิบัตรออกแบบ ใช้เวลาในการตรวจสอบการออกแบบ"
1656660003,"การแจ้งแก้ไขเปลี่ยนแปลงข้อมูลการจดทะเบียนสิทธิบัตรการออกแบบผลิตภัณฑ์ ในกรณีที่เอกสารหลักฐานประกอบคำขอไม่ครบถ้วนจะต้องดำเนินการยังไง"
1656660003,"การแจ้งแก้ไขเปลี่ยนแปลงข้อมูลการจดทะเบียนสิทธิบัตรการออกแบบผลิตภัณฑ์ ในกรณีที่เอกสารหลักฐานประกอบคำขอไม่ครบถ้วนจะต้องดำเนินการอย่างไร"
1656660003,"การแจ้งแก้ไขเปลี่ยนแปลงข้อมูลการจดทะเบียนสิทธิบัตรการออกแบบผลิตภัณฑ์"
1656660068,"ค่าธรรมเนียมยื่นอุธรณ์คำสั่งหรือคำวินิจฉัยของอธิบดีเท่าไหร่"
1656660068,"ค่าธรรมเนียมยื่นอุธรณ์คำสั่ง"
1656660068,"คำวินิจฉัยของอธิบดี"
1656660118,"ค่าธรรมเนียมคำขอตรวจค้นคำขอรับสิทธิบัตรเท่าไหร่"
1656660118,"ค่าธรรมเนียมคำขอตรวจค้นคำขอรับสิทธิบัตร"
1656660118,"ค่าธรรมเนียมคำขอตรวจค้นคำ"
1656660280,"สิทธิบัตรการประดิษฐ์มีอายุกี่ปี"
1656660280,"อายุสิทธิบัตรการประดิษฐ์"
1656660280,"วันหมดอายุสิทธิบัตรการประดิษฐ์"
1656660280,"สิทธิบัตรการประดิษฐ์หมดอายุ"
1656660280,"สิทธิบัตรการประดิษฐ์มีวันหมดอายุไหม"
1656660286,"ค่าธรรมเนียมคำขอขึ้นทะเบียนตัวแทนสิทธิบัตรเท่าไหร่"
1656660286,"ค่าธรรมเนียมคำขอขึ้นทะเบียนตัวแทนสิทธิบัตร"
1656660382,"สามารถสืบค้นสิทธิบัตรการออกแบบผลิตภัณฑ์ได้ทางไหน"
1656660382,"สามารถสืบค้นสิทธิบัตรการออกแบบผลิตภัณฑ์"
1656660382,"สืบค้นสิทธิบัตรการออกแบบผลิตภัณฑ์"
1656660669,"ต้องเตรียมเอกสารหลักฐานยื่นจดสิทธิบัตรออกแบบอะไรบ้าง"
1656660669,"ต้องเตรียมเอกสารหลักฐานยื่นจดสิทธิบัตรออกแบบอย่างไร"
1656660669,"ยื่นจดสิทธิบัตรออกแบบ"
1656660669,"เตรียมเอกสารหลักฐาน"
1656660969,"อนุสิทธิบัตรมีอายุกี่ปี"
1656660969,"อายุอนุสิทธิบัตร"
1656660969,"วันหมดอายุอนุสิทธิบัตร"
1656660969,"อนุสิทธิบัตรมีวันหมดอายุไหม"
1656661050,"เจ้าของสิทธิ์สามารถยื่นขอต่ออายุอนุสิทธิบัตรได้กี่ครั้ง"
1656661050,"ต่ออายุอนุสิทธิบัตรได้กี่ครั้ง"
1656661389,"อยากทราบรายละเอียดการยื่นคำขอรับสิทธิบัตรการออกแบบผลิตภัณฑ์"
1656661389,"รายละเอียดการยื่นคำขอรับสิทธิบัตรการออกแบบผลิตภัณฑ์"
1656661389,"ขอทราบรายละเอียดการยื่นคำขอรับสิทธิบัตรการออกแบบผลิดภัณฑ์"
1656661675,"ต้องการสืบค้นสิทธิบัตร สามารถหาได้ทางไหน"
1656661675,"สืบค้นสิทธิบัตร"
1656661675,"มีความประสงค์ที่จะสืบค้นสิทธิบัตร"
1656663434,"อยากทราบรายละเอียดการยื่นคำขอจดทะเบียนสิทธิบัตรการประดิษฐ์ออนไลน์"
1656663434,"รายละเอียดการยื่นคำขอจดทะเบียนสิทธิบัตรการประดิษฐ์ออนไลน์"
1656663434,"วิธีการยื่นคำขอจดทะเบียนสิทธิบัตรการประดิษฐ์ออนไลน์"
1656663434,"การยื่นคำขอจดทะเบียนสิทธิบัตรการประดิษฐ์ออนไลน์"
1656664297,"สามารแก้ไขเบอร์โทรศัพท์ใน e-filing ได้ไหม"
1656664297,"วิธีแก้ไขเบอร์โทรศัพท์ใน e-filling"
1656664297,"แก้เบอร์โทรศัพท์ใน e-filing ยังไง"
1656665258,"สามารถติดตามสถานะคำขออนุสิทธิบัตร ได้จากช่องทางไหน"
1656665258,"ติดตามสถานะคำขออนุสิทธิบัตร ได้ที่ไหน"
1656665258,"ติดตามสถานะคำขออนุสิทธิบัตร ได้ยังไง"
1656666044,"ขั้นตอนการจดทะเบียนสิทธิบัตรการประดิษฐ์ด้วยระบบ PCT"
1656666044,"การจดทะเบียนสิทธิบัตรการประดิษฐ์ด้วยระบบ PCT"
1656666044,"วิธีการจดทะเบียนสิทธิบัตรการประดิษฐ์ด้วยระบบ PCT"
1656666588,"ค่าธรรมเนียมยื่นคำขอรับอนุสิทธิบัตรการประดิษฐ์เท่าไหร่"
1656666588,"ค่าคำขอรับอนุสิทธิบัตรการประดิษฐ์"
1656666997,"ค่าธรรมเนียมยื่นขอสิทธิบัตรในประเทศเท่าไหร่"
1656666997,"ค่าธรรมเนียมยื่นขออนุสิทธิบัตรในประเทศเท่าไหร่"
1656666997,"ค่าธรรมเนียมยื่นขอสิทธิบัตรต่างประเทศเท่าไหร่"
1656666997,"ค่าธรรมเนียมยื่นขออนุสิทธิบัตรต่างประเทศเท่าไหร่"
1656666997,"ค่าธรรมเนียมยื่นขอสิทธิบัตรในประเทศ กี่บาท"
1656666997,"ค่าธรรมเนียมยื่นขออนุสิทธิบัตรในประเทศ กี่บาท"
1656666997,"ค่าธรรมเนียมยื่นขอสิทธิบัตรต่างประเทศกี่บาท"
1656666997,"ค่าธรรมเนียมยื่นขออนุสิทธิบัตรต่างประเทศ กี่บาท"
1656676101,"สถานที่ตั้ง และเวลาทำการ"
1656676101,"สถานที่ตั้ง"
1656676101,"เวลาทำการ"
1656676101,"เปิดทำการ"
1656676101,"เวลาเปิด"
1656676101,"เวลาปิด"
1656676101,"เปิดกี่โมง"
1656676101,"ปิดกี่โมง"
1656899570,"สวัสดีต้นคิด"
1656899570,"สอบถามค่ะ"
1656899570,"สอบถามหน่อยค่ะ"
1656899570,"พอดีจะสอบถาม"
1656899570,"น้องต้นคิด"
1656901041,"เปิดทำการถึงกี่โมง"
1656901041,"ติดต่อกรมได้ตั้งแต่กี่โมง"
1656901041,"ช่วงเวลาไหนบ้าง"
1656901041,"ติดต่อกรมได้เวลาไหน"
1656901041,"เปิดทำการ"
1656901256,"ต้องโทรเบอร์ไหน"
1656901256,"โทรติดต่อกรม"
1656901256,"สายด่วนกรม"
1656901256,"ส่งแฟกซ์ให้ทางกรม"
1656901256,"ติดต่อกรม"
1656901256,"สายด่วยกรมทรัพย์สินทางปัญญา"
1656902087,"สายด่วนการสอบถามเกี่ยวกับการละเมิดทรัพย์สินทางปัญญาคืออะไร"
1656902087,"สามารถแจ้งเบาะแสการละเมิดทรัพย์สินทางปัญญาได้ทางใดบ้าง"
1656902087,"เบอร์โทรศัพท์ในการสอบถามเกี่ยวกับการละเมิดทรัพย์สินทางปัญญาคืออะไร"
1656902087,"ที่อยู่ในการส่งจดหมายสอบถามเกี่ยวกับการละเมิดทรัพย์สินทางปัญญาด้านลิขสิทธิ์และเครื่องหมายการค้าคืออะไร"
1656902087,"แจ้งเบาะแสการละเมิดทรัพย์สินทางปัญญา"
1656902087,"เบอร์โทรศัพท์ของกรมทรัพย์สินทางปัญญา"
1656902087,"ช่องทางการติดต่อทรมทรัพย์สินทางปัญญา"
1656903191,"ขอคำปรึกษา"
1656903191,"ปรึกษา"
1656903277,"อัตราโทษการละเมิดลิขสิทธิ์เพื่อการค้าคืออะไร"
1656903277,"บทลงโทษในการละเมิดลิขสิทธิ์เพื่อการค้า"
1656903277,"หากมีการละเมิดลิขสิทธิ์เพื่อการค้า จะมีค่าปรับอย่างไร"
1656903277,"หากเราละเมิดลิขสิทธิ์เพื่อการค้า เราจะโดนอะไร"
1656903277,"ถ้าละเมิดลิขสิทธิ์เพื่อการค้ามีค่าปรับไหม"
1656903639,"กรณีถูกกล่าวหาว่าละเมิดลิขสิทธิ์ต้องทำอย่างไร"
1656903639,"กรณีถูกกล่าวหาว่าละเมิดเครื่องหมายการค้าต้องทำอย่างไร"
1656903639,"กรณีถูกกล่าวหาว่าละเมิดสิทธิบัตรต้องทำอย่างไร"
1656903639,"ถ้าถูกละเมิดเครื่องหมายการค้า ต้องทำอย่างไร"
1656903639,"ถ้าถูกละเมิดลิขสิทธิ์ ต้องทำอย่างไร"
1656903639,"ถ้าถูกละเมิดสิทธิบัตร/อนุสิทธิบัตร ต้องทำอย่างไร"
1656903639,"หากถูกละเมิดลิขสิทธิ์ต้องทำยังไง"
1656903639,"หากโดนกล่าวหาว่าละเมิดลิขสิทธิ์ สามารถทำอย่างไรได้บ้าง"
1656904011,"อัตราโทษการละเมิดลิขสิทธิ์คืออะไร"
1656904011,"หากมีการละเมิดลิขสิทธ์จะมีโทษอย่างไร"
1656904011,"หากเราละเมิดลิขสิทธิ์ผู้อื่น จะมีโทษอย่างไร"
1656904011,"หากมีการละเมิดลิขสิทธิ์ จะโดนทั้งจำทั้งปรับหรือไม่"
1656904011,"หากมีการละเมิดลิขสิทธิ์ จะต้องจ่ายค่าปรับกี่บาท"
1656904011,"บทลงโทษในการละเมิดลิขสิทธิ์"
1656904011,"หากละเมิดลิขสิทธิ์"
1656904011,"ถ้าเราโดนละเมิดลิขสิทธิ์"
1656904011,"ถ้าเราละเมิดลิขสิทธิ์คนอื่น"
1656904011,"ถ้าเราละเมิดลิขสิทธิ์ผู้อื่น"
1656904957,"สิ่งบ่งชี้ทางภูมิศาสตร์ คืออะไร"
1656904957,"สิ่งบ่งชี้ทางภูมิศาสตร์"
1656904957,"สิ่งบ่งชี้ทางภูมิศาสตร์ มีอะไรบ้าง"
1656904957,"สิ่งบ่งชี้ คือ"
1656905134,"สินค้า GI มีอะไรบ้าง"
1656905134,"สินค้า GI คืออะไร"
1656905134,"สินค้า GI คือ"
1656905134,"สินค้า GI"
1656905917,"อัตราโทษการจําหน่ายสินค้าละเมิดลิขสิทธิ์เพื่อหากําไรทาง การค้าคืออะไร"
1656905917,"หากจำหน่ายสินค้าที่มีการละเมิดลิขสิทธิ์ จะมีค่าปรับกี่บาท"
1656905917,"หากจำหน่ายสินค้าที่มีการละเมิดลิขสิทธิ์ จะต้องเสียค่าปรับกี่บาท"
1656905917,"ค่าปรับในการจำหน่ายสินค้าละเมิดลิขสิทธิ์"
1656905917,"การละเมิดลิขสิทธิ์เพื่อหากำไรทางการค้า มีโทษอย่างไร"
1656905917,"การจำหน่ายสินค้าละเมิดลิขสิทธิ์เพื่อหากำไรทางการค้าจะมีโทษอย่างไร"
1656905917,"หากมีการละเมิดลิขสิทธิ์ทางการค้าจะมีผลอย่างไร"
1656905917,"หากละเมิดลิขสิทธิ์ทางการค้าจะมีผลอย่างไร"
1656905917,"หากมีการละเมิดลิขสิทธิ์ทางการค้า สามารถเอาผิดอะไรได้บ้าง"
1656905917,"การจำหน่ายสินค้าละเมิดลิขสิทธิ์"
1656905917,"หากจำหน่ายสินค้าละเมิดลิขสิทธิ์"
1656906170,"ประโยชน์ที่ได้รับจากการขึ้นทะเบียนสิ่งบ่งชี้ทางภูมิศาสตร์ มีอะไรบ้าง"
1656906170,"ประโยชน์ที่ได้รับจากการขึ้นทะเบียนสิ่งบ่งชี้ทางภูมิศาสตร์ มีอะไร"
1656906170,"ประโยชน์ที่ได้รับจากการขึ้นทะเบียนสิ่งบ่งชี้ทางภูมิศาสตร์ อย่างไร"
1656906170,"ประโยชน์ที่ได้รับจากการขึ้นทะเบียนสิ่งบ่งชี้ทางภูมิศาสตร์"
1656906376,"อัตราโทษการละเมิดสิทธิบัตรคืออะไร"
1656906376,"โทษของการละเมิดสิทธิบัตร"
1656906376,"ค่าปรับในการละเมิดสิทธิบัตร"
1656906376,"การละเมิดสิทธิบัตรมีโทษอย่างไร"
1656906376,"การละเมิดสิทธิบัตรมีโทษยังไง"
1656906376,"หากละเมิดสิทธิบัตรมีค่าปรับยังไง"
1656906376,"หากละเมิดสิทธิบัตร"
1656906376,"ละเมิดสิทธิบัตร ค่าปรับ"
1656906376,"หากละเมิดสิทธิบัตร ต้องจ่ายกี่บาท"
1656906616,"อัตราโทษการละเมิดเครื่องหมายการค้าคืออะไร"
1656906616,"การละเมิดเครื่องหมายทางการค้า"
1656906616,"หากมีการปลอมแปลงเครื่องหมายทางการค้า"
1656906616,"หากมีการปลอมเครื่องหมายการค้า"
1656906616,"หากมีการละเมิดเครื่องหมายทางการค้าจะมีโทษอย่างไร"
1656906616,"ค่าปรับในการละเมิดเครื่องหมายทางการค้า"
1656906616,"ค่าปรับในการปลอมเครื่องหมายทางการค้า"
1656906616,"ค่าปรับในการลอกเลียนแบบเครื่องหมายทางการค้า"
1656906616,"โทษในการละเมิดเครื่องหมายทางการค้า"
1656907703,"สิ่งบ่งชี้ทางภูมิศาสตร์ มีอายุความคุ้มครองกี่ปี"
1656907703,"สิ่งบ่งชี้ทางภูมิศาสตร์"
1656907703,"มีอายุความคุ้มครองกี่ปี"
1656907795,"ตราสิ่งบ่งชี้ทางภูมิศาสตร์  มีอายุความคุ้มครองกี่ปี"
1656907795,"ตราสิ่งบ่งชี้ทางภูมิศาสตร์"
1656907795,"มีอายุความคุ้มครองกี่ปี"
1656908251,"ขออภัยครับ ต้นคิดยังไม่เข้าใจ หากท่านมีข้อสงสัยกรุณากดปุ่ม ติดต่อเจ้าหน้าที่ด้านล่างครับ"
1656908251,"ต้นคิดไม่เข้าใจคำถามของคุณ หากต้องการข้อมูลดังกล่าว โปรดติดต่อเจ้าหน้าที่"
1656908723,"อัตราโทษการปลอมเครื่องหมายการค้าของบุคคลอื่นคืออะไร"
1656908723,"การปลอมเครื่องหมายทางการค้า"
1656908723,"ค่าปรับในการปลอมเครื่องหมายทางการค้าของผู้ที่ได้จดทะเบียนแล้ว"
1656908723,"โทษในการปลอมเครื่องหมายทางการค้า"
1656908723,"โดนปลอมเครื่องหมายทางการค้า เรียกร้องอะไรได้บ้าง"
1656908743,"ใครมีสิทธิ์ขอขึ้นทะเบียนสิ่งบ่งชี้ทางภูมิศาสตร์ได้บ้าง"
1656908743,"บุคคลทั่วไปสามารถขอขึ้นทะเบียนสิ่งบ่งชี้ทางภูมิศาสตร์ได้ไหม"
1656908743,"หน่วยงานราชการสามารถขอขึ้นทะเบียนสิ่งบ่งชี้ทางภูมิศาสตร์ได้ไหม"
1656908743,"ใครมีสิทธิ์ขอขึ้นทะเบียนสิ่งบ่งชี้ทางภูมิศาสตร์"
1656908743,"บุคคลทั่วไปสามารถขอขึ้นทะเบียนสิ่งบ่งชี้ทางภูมิศาสตร์"
1656908743,"หน่วยงานราชการสามารถขอขึ้นทะเบียนสิ่งบ่งชี้ทางภูมิศาสตร์"
1656908970,"ดีวีดี สามารถยื่นแจ้งลิขสิทธิ์ได้หรือไม่"
1656908970,"แผนที่  สามารถยื่นแจ้งลิขสิทธิ์ได้หรือไม่"
1656908970,"โปรแกรมคอมพิวเตอร์ สามารถยื่นแจ้งลิขสิทธิ์ได้หรือไม่"
1656908970,"คำร้องที่แต่งเพื่อประกอบทำนอง สามารถยื่นแจ้งลิขสิทธิ์ได้หรือไม่"
1656908970,"ดีวีดี ยื่นแจ้งลิขสิทธิ์ได้หรือไม่"
1656908970,"แผนที่  ยื่นแจ้งลิขสิทธิ์ได้หรือไม่"
1656908970,"โปรแกรมคอมพิวเตอร์ ยื่นแจ้งลิขสิทธิ์ได้หรือไม่"
1656908970,"คำร้องที่แต่งเพื่อประกอบทำนอง ยื่นแจ้งลิขสิทธิ์ได้หรือไม่"
1656909097,"รัฐธรรมนูญและกฎหมาย สามารถยื่นแจ้งลิขสิทธิ์ได้หรือไม่"
1656909097,"ทฤษฎีทางคณิตศาสตร์ สามารถยื่นแจ้งลิขสิทธิ์ได้หรือไม่"
1656909097,"ทฤษฎีทางคณิตศาสตร์ ยื่นแจ้งลิขสิทธิ์ได้หรือไม่"
1656909097,"รัฐธรรมนูญและกฎหมาย ยื่นแจ้งลิขสิทธิ์ได้หรือไม่"
1656909371,"อะไรจัดเป็นสินค้า OTOP บ้าง"
1656909371,"อะไรจัดเป็นสินค้า OTOP"
1656909371,"อะไรจัดเป็นสินค้า"
1656909385,"ผลงานลิขสิทธิ์มีกี่ประเภท"
1656909385,"ผลงานลิขสิทธิ์มีกี่แบบ"
1656909427,"หนังสือถือเป็นลิขสิทธิ์ประเภทไหน"
1656909427,"หนังสือถือเป็นลิขสิทธิ์แบบไหน"
1656909474,"ท่าเต้นถือเป็นลิขสิทธิ์ประเภทไหน"
1656909474,"ท่าเต้นถือเป็นลิขสิทธิ์แบบไหน"
1656909517,"รายการโทรทัศน์ สามารถจดลิขสิทธิ์ได้หรือไม่"
1656909517,"รายการโทรทัศน์ จดลิขสิทธิ์ได้หรือไม่"
1656909523,"ตราสิ่งบ่งชี้ทางภูมิศาสตร์  มีอายุความคุ้มครองกี่ปี"
1656909523,"ตราสัญลักษณ์สิ่งบ่งชี้ทางภูมิศาสตร์ (GI) มีอายุคุ้มครองกี่ปี"
1656909523,"ตราสัญลักษณ์สิ่งบ่งชี้ทางภูมิศาสตร์(GI)"
1656909523,"ตราสัญลักษณ์สิ่งบ่งชี้ทางภูมิศาสตร์ (GI) อายุ"
1656909642,"ข่าว สามารถจดลิขสิทธิ์ได้หรือไม่"
1656909642,"ข่าว จดลิขสิทธิ์ได้หรือไม่"
1656909739,"งานแปลสามารถจดลิขสิทธิ์ได้ไหม"
1656909739,"งานแปลจดลิขสิทธิ์ได้ไหม"
1656909806,"สามารถจดลิขสิทธิ์ซีดีได้ไหม"
1656909806,"จดลิขสิทธิ์ซีดีได้ไหม"
1656909901,"ยื่นคำขอขึ้นทะเบียนสิ่งบ่งชี้ทางภูมิศาสตร์ต้องเสียค่าธรรมเนียมเท่าไหร่"
1656909901,"ยื่นคำคัดค้านการขึ้นทะเบียนสิ่งบ่งชี้ทางภูมิศาสตร์ต้องเสียค่าธรรมเนียมเท่าไหร่"
1656909901,"ยื่นคำอุธรณ์คำสั่งหรือคำวินิจฉัยของนายทะเบียนต้องเสียค่าธรรมเนียมเท่าไหร่"
1656909901,"ยื่นคำขอแก้ไขทะเบียนสิ่งบ่งชี้ทางภูมิศาสตร์ต้องเสียค่าธรรมเนียมเท่าไหร่"
1656909901,"ยื่นคำเพิกถอนทะเบียนสิ่งบ่งชี้ทางภูมิศาสตร์ต้องเสียค่าธรรมเนียมเท่าไหร่"
1656909901,"อยากทราบค่าธรรมเนียมของการยื่นลงทะเบียนสิ่งบ่งชี้ทางภูมิศาสตร์"
1656909901,"ยื่นขอขึ้นทะเบียนสิ่งบ่งชี้ทางภูมิศาสตร์มีค่าใช้จ่ายไหม"
1656909901,"ยื่นขอขึ้นทะเบียนสิ่งบ่งชี้ทางภูมิศาสตร์มีค่าใช้จ่ายไหม"
1656909901,"จะยื่นคำเพิกถอนทะเบียนสิ่งบ่งชี้ทางภูมิศาสตร์ต้องเสียค่าอะไรไหม"
1656909901,"จะยื่นคำขอแก้ไขทะเบียนสิ่งบ่งชี้ทางภูมิศาสตร์ต้องเสียค่าอะไรไหม"
1656909901,"ยื่นคำขอขึ้นทะเบียนสิ่งบ่งชี้ทางภูมิศาสตร์ต้องเสียค่าธรรมเนียม"
1656909901,"ยื่นคำขอขึ้นทะเบียนสิ่งบ่งชี้ทางภูมิศาสตร์ต้องเสียค่าธรรมเนียม"
1656909901,"ยื่นคำคัดค้านการขึ้นทะเบียนสิ่งบ่งชี้ทางภูมิศาสตร์ต้องเสียค่าธรรมเนียม"
1656909901,"ยื่นคำอุธรณ์คำสั่งหรือคำวินิจฉัยของนายทะเบียนต้องเสียค่าธรรมเนียม"
1656909901,"ยื่นคำขอแก้ไขทะเบียนสิ่งบ่งชี้ทางภูมิศาสตร์ต้องเสียค่าธรรมเนียม"
1656909901,"ยื่นคำเพิกถอนทะเบียนสิ่งบ่งชี้ทางภูมิศาสตร์ต้องเสียค่าธรรมเนียม"
1656909901,"อยากทราบค่าธรรมเนียมของการยื่นลงทะเบียนสิ่งบ่งชี้ทางภูมิศาสตร์"
1656909901,"ยื่นขอขึ้นทะเบียนสิ่งบ่งชี้ทางภูมิศาสตร์มีค่าใช้จ่าย"
1656909901,"ยื่นขอขึ้นทะเบียนสิ่งบ่งชี้ทางภูมิศาสตร์มีค่าใช้จ่าย"
1656909901,"จะยื่นคำเพิกถอนทะเบียนสิ่งบ่งชี้ทางภูมิศาสตร์ต้องเสียค่า"
1656909901,"จะยื่นคำขอแก้ไขทะเบียนสิ่งบ่งชี้ทางภูมิศาสตร์ต้องเสียค่า"
1656909989,"สามารถตรวจสอบรายการสิ่งที่บ่งชี้ทางภูมิศาสตร์ที่ขึ้นทะเบียนแล้วได้ทางไหนบ้างคะ"
1656909989,"ต้องการตรวจสอบว่าได้รับอนุญาตให้ใช้ตราสัญลักษณ์สิ่งบ่งชี้ทางภูมิศาสตร์หรือไม่ ตรวจสอบได้ทางไหน"
1656909989,"ต้องการตรวจสอบว่ามะพร้าวทับสะแกได้รับอนุญาตให้ใช้ตราสัญลักษณ์สิ่งบ่งชี้ทางภูมิศาสตร์แล้วหรือยัง ตรวจสอบได้ทางไหน"
1656909989,"จะตรวจสอบว่าข้าวไร่ดอกข่าพังงาได้รับอนุญาตให้ใช้ตราสัญลักษณ์สิ่งบ่งชี้ทางภูมิศาสตร์หรือยัง ตรวจสอบยังไงได้บ้าง"
1656909989,"ไม่ทราบว่าทุเรียนภูเขาไฟศรีสะเกษได้รับการอนุญาตตราสัญลักษณ์สิ่งบ่งชี้ทางภูมิศาสตร์รึยัง"
1656909989,"สามารถตรวจสอบรายการสิ่งที่บ่งชี้ทางภูมิศาสตร์ที่ขึ้นทะเบียนแล้วได้ทาง"
1656909989,"ต้องการตรวจสอบว่าได้รับอนุญาตให้ใช้ตราสัญลักษณ์สิ่งบ่งชี้ทางภูมิศาสตร์หรือไม่"
1656909989,"ต้องการตรวจสอบว่ามะพร้าวทับสะแกได้รับอนุญาตให้ใช้ตราสัญลักษณ์สิ่งบ่งชี้ทางภูมิศาสตร์แล้วหรือยัง"
1656909989,"จะตรวจสอบว่าข้าวไร่ดอกข่าพังงาได้รับอนุญาตให้ใช้ตราสัญลักษณ์สิ่งบ่งชี้ทางภูมิศาสตร์หรือยัง"
1656910014,"อัตราโทษการเลียนเครื่องหมายการค้าของบุคคลอื่นคืออะไร"
1656910014,"หากโดนลอกเลียนแบบเครื่องหมายทางการค้า"
1656910014,"ค่าปรับในการลอกเลียนแบบเครื่องหมายการค้า"
1656910014,"หากโดนลอกเลียนแบบเครื่องหมายการค้า"
1656910014,"ค่าปรับในการลอกเลียนแบบเครื่องหมายทางการค้า"
1656910014,"การเลียนเครื่องหมายทางการค้า"
1656910014,"การลอกเลียนเครื่องหมายการค้า"
1656910014,"หากลอกเลียนเครื่องหมายการค้า"
1656910014,"หากโดนปรับค่าลอกเลียนเครื่องหมายการค้า ต้องเสียกี่บาท"
1656910014,"เสียค่าปรับลอกเลียนเครื่องหมายการค้ากี่บาท"
1656910021,"ทฤษฎีทางวิทยาศาสตร์ สามารถจดลิขสิทธิ์ได้หรือไม่"
1656910021,"ทฤษฎีทางวิทยาศาสตร์ จดลิขสิทธิ์ได้หรือไม่"
1656910091,"ทำนอง สามารถจดลิขสิทธิ์ได้ไหม"
1656910091,"ทำนอง จดลิขสิทธิ์ได้ไหม"
1656910193,"ผลงานเพลง สามารถจดลิขทธิ์ได้หรือไม่"
1656910193,"ผลงานเพลง จดลิขทธิ์ได้หรือไม่"
1656910284,"อัตราโทษการนําเข้า จําหน่าย เสนอจําหน่ายหรือมีไว้เพื่อ จําหน่ายซึ่งสินค้าปลอมหรือเลียนเครื่องหมายการค้า ของบุคคลอื่นคืออะไร"
1656910284,"หากขายของปลอมจะมีโทษไหม"
1656910284,"หากจำหน่ายสินค้าปลอมจะมีโทษไหม"
1656910284,"หากจำหน่ายสินค้าปลอมจะอยู่ในเงื่อนไขใด"
1656910284,"จำหน่ายสินค้าปลอมมีโทษเหมือนกับการจำหน่ายสินค้าลอกเลียนแบบหรือไม่"
1656910284,"สินค้าปลอมกับสินค้าลอกเลียนแบบมีโทษเหมือนกันไหม"
1656910285,"ภาพถ่าย สามารถจดลิสิทธิ์ได้หรือไม่"
1656910285,"ภาพถ่าย จดลิสิทธิ์ได้หรือไม่"
1656910431,"หากจดลิขสิทธิ์แล้วจะสามารถคุ้มครองผลงานได้เลยหรือไม่"
1656910431,"หากจดลิขสิทธิ์แล้วจะคุ้มครองผลงานได้เลยหรือไม่"
1656910465,"หากเจ้าของผลงานเสียชีวิต ลิขสิทธิ์จะยังสามารถคุ้มครองได้อยู่หรือไม่"
1656910465,"หากเจ้าของผลงานเสียชีวิต ลิขสิทธิ์จะยังคุ้มครองได้อยู่หรือไม่"
1656910654,"ปลอมเครื่องหมายการค้าของบุคคลอื่นจะต้องโทษอะไรบ้าง"
1656910654,"หากปลอมเครื่องหมายการค้าของคนอื่นจะมีค่าปรับกี่บาท"
1656910654,"โทษของการปลอมเครื่องหมายการค้าของบุคคลอื่น"
1656910654,"ค่าปรับในการปลอมเครื่องหมายการค้า"
1656910654,"การปลอมเครื่องหมายการค้า"
1656910654,"ลอกเลียนเครื่องหมายการค้า"
1656910682,"จะตรวจสอบว่าลิ้นจี่แม่ใจพะเยาได้รับการอนุญาตตราสัญลักษณ์สิ่งบ่งชี้ทางภูมิศาสตร์รึยัง ตรวจสอบทางไหน"
1656910682,"สามารถดูรายละเอียดการกรอกแบบฟอร์มขึ้นทะเบียนสิ่งบ่งชี้ได้จากที่ไหน"
1656910682,"มีตัวอย่างการกรอกแบบฟอร์มขึ้นทะเบียนสิ่งบ่งชี้ไหม"
1656910682,"กรอกแบบฟอร์มขึ้นทะเบียนสิ่งบ่งชี้ยังไง"
1656910682,"สามารถ Download ไฟล์เพื่อกรอกข้อมูลลงบนแบบฟอร์มได้ยังไงบ้างคะ"
1656910682,"สามารถดูาวน์โหลดเอกสารคำขอแก้ไขหรือเพิกถอนทะเบียนสิ่งบ่งชี้ทางภูมิศาสตร์ได้จากช่องไหน"
1656910682,"สามารถดูาวน์โหลดเอกสารคำขอให้ระงับการใช้สิ่งบ่งชี้ทางภูมิศาสตร์ได้จากช่องไหน"
1656910682,"สามารถดูาวน์โหลดเอกสาร คำขอแก้ไขคำขอขึ้นทะเบียนสิ่งบ่งชี้ทางภูมิศาสตร์ได้จากช่องไหน"
1656910682,"สามารถดูาวน์โหลดเอกสารคำขอใช้ตราสัญลักษณ์สิ่งบ่งชี้ทางภูมิศาสตร์ได้จากไหน"
1656910682,"สามารถดูาวน์โหลดเอกสารหนังสือขอผ่อนผันการส่งเอกสารหลักฐานได้จากไหน"
1656910682,"เตรียมเอกสารไม่ทัน สามารถขอผ่อนผันการส่งเอกสารได้ไหม"
1656910682,"สามารถดูาวน์โหลดเอกสารคำคัดค้านการขึ้นทะเบียนสิ่งบ่งชี้ทางภูมิศาสตร์ได้จากไหน"
1656910682,"จะตรวจสอบว่าลิ้นจี่แม่ใจพะเยาได้รับการอนุญาตตราสัญลักษณ์สิ่งบ่งชี้ทางภูมิศาสตร์รึยัง"
1656910682,"ไม่ทราบว่าทุเรียนภูเขาไฟศรีสะเกษได้รับการอนุญาตตราสัญลักษณ์สิ่งบ่งชี้ทางภูมิศาสตร์"
1656910682,"มีตัวอย่างการกรอกแบบฟอร์มขึ้นทะเบียนสิ่งบ่งชี้"
1656910682,"กรอกแบบฟอร์มขึ้นทะเบียนสิ่งบ่งชี้"
1656910682,"สามารถดูาวน์โหลดเอกสารคำขอแก้ไขหรือเพิกถอนทะเบียนสิ่งบ่งชี้ทางภูมิศาสตร์"
1656910682,"สามารถดูาวน์โหลดเอกสาร คำขอแก้ไขคำขอขึ้นทะเบียนสิ่งบ่งชี้ทางภูมิศาสตร์"
1656910682,"สามารถดูาวน์โหลดเอกสารคำขอใช้ตราสัญลักษณ์สิ่งบ่งชี้ทางภูมิศาสตร์"
1656910682,"สามารถดูาวน์โหลดเอกสารหนังสือขอผ่อนผันการส่งเอกสารหลักฐาน"
1656910682,"เตรียมเอกสารไม่ทัน สามารถขอผ่อนผันการส่งเอกสาร"
1656910682,"สามารถดูาวน์โหลดเอกสารคำคัดค้านการขึ้นทะเบียนสิ่งบ่งชี้ทางภูมิศาสตร์"
1656910766,"ค่าธรรมเนียมยื่นคำขอรับสิทธิบัตรการประดิษฐ์เท่าไหร่"
1656910766,"ต้องการจดทะเบียนคำขอให้ตรวจสอบการประดิษฐ์(กรณีการประดิษฐ์) มีค่าธรรมเนียมไหม"
1656910766,"ต้องการจดทะเบียนคำขอเปลี่ยนแปลงประเภทของสิทธิ มีค่าธรรมเนียมไหม"
1656910766,"ต้องการจดทะเบียนยื่นคำขอรับสิทธิบัตรการออกแบบผลิตภัณฑ์ มีค่าธรรมเนียมไหม"
1656910766,"ต้องการจดทะเบียนคำคัดค้าน ต้องเสียค่าธรรมเนียมไหม"
1656910766,"ต้องการจดทะเบียนคำอุทธรณ์ ต้องเสียค่าธรรมเนียมไหม"
1656910766,"ต้องการทราบค่าธรรมเนียมจดแจ้งลิขสิทธิ์สามารถดูได้จากที่ไหน"
1656910766,"จดทะเบียนคำขอเปลี่ยนแปลงประเภทของสิทธิ มีค่าธรรมเนียมไหม"
1656910771,"ต้องการทราบขั้นตอนการยื่นคำขอสิ่งบ่งชี้"
1656910771,"ขั้นตอนการยื่นคำขอสิ่งบ่งชี้"
1656910771,"ยื่นคำขอสิ่งบ่งชี้"
1656910841,"ขั้นตอนการยื่นคำขอ"
1656910841,"อยากยื่นขอขึ้นทะเบียนสิ่งบ่งชี้ต้องทำอย่างไร"
1656910841,"อยากยื่นขอขึ้นทะเบียนสิ่งบ่งชี้ต้องทำอย่างไร"
1656910841,"ยื่นขอขึ้นทะเบียนสิ่งบ่งชี้"
1656911103,"ต้องการตัวอย่างการเขียนแบบฟอร์มคำขอแจ้งขอรับความคุ้มครองเครื่องหมายการค้า"
1656911103,"อยากได้ตัวอย่างหนังสือยินยอมชดใช้ค่าเสียหายกรณีขอรับความคุ้มครองเครื่องหมายการค้า"
1656911103,"ต้องการตัวอย่างหนังสือยินยอมชดใช้ค่าเสียหายกรณีขอรับความคุ้มครองเครื่องหมายการค้า"
1656911103,"ต้องการดาวน์โหลดแบบฟอร์มรายงานผลการป้องกันและปราบปรามการละเมิดทรัพย์สินทางปัญญา (ด้านการตรวจสอบพื้นที่น่าสงสัยว่าจะมีการจำหน่ายสินค้าละเมิดทรัพย์สินทางปัญญา)"
1656911103,"ต้องการแบบฟอร์มรายงานผลการป้องกันและปราบปรามการละเมิดทรัพย์สินทางปัญญา"
1656911103,"ต้องการแบบฟอร์มรายงานผลกิจกรรมด้านการป้องกันและปราบปรามการละเมิดทรัพย์สินทางปัญญา"
1656911103,"ขอตัวอย่างการเขียนแบบฟอร์มขอรับความคุ้มครองการละเมิดสินทรัพย์ทางปัญญา"
1656911103,"ตัวอย่างการเขียนแบบฟอร์มขอรับความคุ้มครอง"
1656911103,"รูปแบบฟอร์มขอรับความคุ้มครอง"
1656911186,"จะยื่นขอใช้ตราสิ่งบ่งชี้ทางภูมิศาสตร์มีขั้นตอน"
1656911186,"อยากทราบรายละเอียดการจัดทำระบบควบคุมคุณภาพ"
1656911186,"อยากทราบขั้นตอนการขอใช้ตราสิ่งบ่งชี้ทางภูมิศาสตร์"
1656911186,"จะยื่นขอใช้ตราสิ่งบ่งชี้ทางภูมิศาสตร์มีขั้นตอนยังไงบ้าง"
1656911186,"อยากทราบรายละเอียดการจัดทำระบบควบคุมคุณภาพ สามารถดูได้จากช่องทางไหน"
1656911186,"ขั้นตอนการขอใช้ตราสิ่งบ่งชี้ทางภูมิศาสตร์"
1656911186,"จะยื่นขอใช้ตราสิ่งบ่งชี้ทางภูมิศาสตร์มีขั้นตอน"
1656911186,"ยื่นขอใช้ตราสิ่งบ่งชี้ทางภูมิศาสตร์"
1656911310,"ไม่ทราบว่านิลเมืองกาญจน์ได้รับการอนุญาตตราสัญลักษณ์สิ่งบ่งชี้ทางภูมิศาสตร์รึยัง"
1656911310,"ไม่ทราบว่านิลเมืองกาญจน์ได้รับการอนุญาตตราสัญลักษณ์สิ่งบ่งชี้ทางภูมิศาสตร์"
1656911310,"นิลเมืองกาญจน์ได้รับการอนุญาตตราสัญลักษณ์สิ่งบ่งชี้ทางภูมิศาสตร์รึยัง"
1656911383,"ดูสถิติการปราบปราบการละเมิดทรัพย์สินทางปัญญาได้ทางใด"
1656911383,"สถิติการปราบปรามการละเมิดทรัพย์สินทางปัญญา"
1656911383,"ช่องทางในการดูสถิติการปราบปรามการละเมิดทรัพย์สินทางปัญญา"
1656911445,"สามารถตรวจสอบรายชื่อบริษัทจัดเก็บลิขสิทธิ์ได้ที่ไหน"
1656911445,"ตรวจสอบรายชื่อบริษัทจัดเก็บลิขสิทธิ์"
1656911445,"รายชื่อบริษัทจัดเก็บลิขสิทธิ์"
1656911445,"ช่องทางการตรวจสอบรายชื่อบริษัทจัดเก็บลิขสิทธิ์"
1656915118,"ต้องการจดลิขสิทธิ์ข่าวสารเกี่ยวกับวิทยาศาสตร์สามารถทำได้ไหม"
1656915118,"จดลิขสิทธิ์ข่าวสารเกี่ยวกับวิทยาศาสตร์ทำได้ไหม"
1656915141,"ภาพพิมพ์ เป็นผลงานลิขสิทธิ์ไหม"
1656915141,"ภาพพิมพ์ เป็นผลงานลิขสิทธิ์มั้ย"
1656923184,"จะยื่นคำขอขึ้นทะเบียนสิ่งบ่งชี้ทางภูมิศาสตร์จะต้องเป็นผู้มีสิทธิขอขึ้นทะเบียนสิ่งบ่งชี้ทางภูมิศาสตร์ตามที่บัญญัติไว้ใน พ.ร.บ.นี้ ใช่หรือไม่"
1656923184,"จะยื่นคำขอขึ้นทะเบียนสิ่งบ่งชี้ทางภูมิศาสตร์จะต้องเป็นผู้มีสิทธิขอขึ้นทะเบียนสิ่งบ่งชี้ทางภูมิศาสตร์ตามที่บัญญัติไว้ใน พ.ร.บ.นี้"
1656923184,"ยื่นคำขอขึ้นทะเบียนสิ่งบ่งชี้ทางภูมิศาสตร์จะต้องเป็นผู้มีสิทธิขอขึ้นทะเบียนสิ่งบ่งชี้ทางภูมิศาสตร์"
1656923311,"ในกรณีที่จะต้องส่งเอกสารเป็นภาษาต่างประเทศ จะต้องแปลภาษาหรือไม่"
1656923311,"ในกรณีที่จะต้องส่งเอกสารเป็นภาษาต่างประเทศ"
1656923311,"ในกรณีที่จะต้องส่งเอกสารเป็นภาษาต่างประเทศ จะต้องแปลภาษา อย่างไร"
1656923311,"ในกรณีที่จะต้องส่งเอกสารเป็นภาษาต่างประเทศ"
1656923678,"กฎหมายที่เกี่ยวข้องกับการยื่นคำขอขึ้นทะเบียนสิ่งบ่งชี้ทางภูมิศาสตร์ มีอะไรบ้าง"
1656923678,"กฎหมายที่เกี่ยวข้องกับการยื่นคำขอขึ้นทะเบียนสิ่งบ่งชี้ทางภูมิศาสตร์ มีอะไร"
1656923678,"กฎหมายที่เกี่ยวข้องกับการยื่นคำขอขึ้นทะเบียนสิ่งบ่งชี้ทางภูมิศาสตร์"
1656923778,"พ.ร.บ. คุ้มครองสิ่งบ่งชี้ทางภูมิศาสตร์ พ.ศ. 2546  เกี่ยวข้องกับการยื่นคำขอขึ้นทะเบียนสิ่งบ่งชี้ทางภูมิศาสตร์หรือไม่"
1656923778,"พ.ร.บ. คุ้มครองสิ่งบ่งชี้ทางภูมิศาสตร์ พ.ศ. 2546"
1656923778,"พ.ร.บ. คุ้มครองสิ่งบ่งชี้ทางภูมิศาสตร์ พ.ศ. 2546  เกี่ยวข้องกับการยื่นคำขอขึ้นทะเบียนสิ่งบ่งชี้ทางภูมิศาสตร์"
1656923834,"ในการยื่นคำขอขึ้นทะเบียนสิ่งบ่งชี้ทางภูมิศาสตร์ ต้องใช้หลักฐานประกอบอะไรบ้าง"
1656923834,"ในการยื่นคำขอขึ้นทะเบียนสิ่งบ่งชี้ทางภูมิศาสตร์ ต้องใช้หลักฐานประกอบ"
1656923834,"ยื่นคำขอขึ้นทะเบียนสิ่งบ่งชี้ทางภูมิศาสตร์ ต้องใช้หลักฐาน"
1656923834,"ยื่นคำขอขึ้นทะเบียนสิ่งบ่งชี้ทางภูมิศาสตร์"
1656923969,"ในการยื่นคำขอขึ้นทะเบียนสิ่งบ่งชี้ทางภูมิศาสตร์ ต้องใช้หนังสือรับรองนิติบุคคลหรือไม่"
1656923969,"ในการยื่นคำขอขึ้นทะเบียนสิ่งบ่งชี้ทางภูมิศาสตร์ ต้องใช้หนังสือรับรองนิติบุคคลตัวจริงหรือสำเนา"
1656923969,"ในการยื่นคำขอขึ้นทะเบียนสิ่งบ่งชี้ทางภูมิศาสตร์ ต้องใช้หนังสือรับรองนิติบุคคลไหม"
1656924109,"ในการยื่นคำขอขึ้นทะเบียนสิ่งบ่งชี้ทางภูมิศาสตร์ ต้องใช้ภาพถ่ายแผนที่แสดงขอบเขตพื้นที่ของแหล่งภูมิศาสตร์ที่ขอขึ้นทะเบียนหรือไม่"
1656924109,"ในการยื่นคำขอขึ้นทะเบียนสิ่งบ่งชี้ทางภูมิศาสตร์ ต้องใช้ภาพถ่ายแผนที่แสดงขอบเขตพื้นที่ของแหล่งภูมิศาสตร์ที่ขอขึ้นทะเบียน"
1656924109,"ยื่นคำขอขึ้นทะเบียนสิ่งบ่งชี้ทางภูมิศาสตร์ ต้องใช้ภาพถ่ายแผนที่"
1656924109,"แผนที่แสดงขอบเขตพื้นที่ของแหล่งภูมิศาสตร์ที่ขอขึ้นทะเบียน"
1656992762,"เจ้าหน้าที่"
1656992762,"ต้องการคุยกับเจ้าหน้าที่"
1656992762,"คุยกับเจ้าหน้าที่"
1656992762,"อยากติดต่อเจ้าหน้าที่"
1656992762,"อยากคุยกับเจ้าหน้าที่"
1656992762,"พูดคุยกับเจ้าหน้าที่"
1656992762,"ต้องการปรึกษา"
1656992762,"ขอปรึกษาเจ้าหน้าที่"
1656992762,"ปรึกษา"
1657007831,"ช่องทางการติดต่อ"
1657007831,"ช่องทางติดต่อ"
1657007831,"ติดต่อกรม"
1657014652,"ในการกรอกข้อมูลแจ้งข้อมูลลิขสิทธิ์ความเป็นเจ้าของลิขสิทธิ์ ต้องกรอกอย่างไร"
1657015867,"แจ้งเบาะแสการละเมิด"
1657015867,"ร้องเรียนการละเมิด"
1657077441,"เมนูหลัก"
1657077441,"MENU"
1657077441,"menu"
1657078849,"mainmenu"
1657078849,"menu"
1657079613,"บริการของกรม"
1657079613,"บริการอื่นๆ ของกรมฯ"
1657081861,"เครื่องหมายร่วม คืออะไร"
1657081861,"เครื่องหมายร่วม ไว้ทำอะไร"
1657081861,"เครื่องหมายร่วม ทำอะไรได้บ้าง"
1657081929,"ต้องการจดทะเบียนเครื่องหมายการค้า มีขั้นตอนอย่างไรบ้าง"
1657081929,"ต้องการจดทะเบียนเครื่องหมายการค้า ต้องทำอย่างไร"
1657081929,"ต้องการจดทะเบียนเครื่องหมายการค้า มีขั้นตอนอะไร"
1657082014,"หลักเกณ์การพิจารณาความเหมือนคล้ายเครื่องหมายการค้า มีอะไรบ้าง"
1657082014,"หลักเกณ์การพิจารณาความเหมือนคล้ายเครื่องหมายการค้า มีอย่างไรบ้าง"
1657082014,"หลักเกณ์การพิจารณาความเหมือนคล้ายเครื่องหมายการค้า อย่างไร"
1657082014,"หลักเกณ์การพิจารณาความเหมือนคล้ายเครื่องหมายการค้า"
1657082442,"ขั้นตอนจดทะเบียนสิทธิบัตรการออกแบบผลิตภัณฑ์ มีอะไรบ้าง"
1657082442,"ในการยื่นขอสิทธิบัตรออกแบบ หากมีผู้คัดค้านและผู้ยื่นโต้แย้งจะต้องดำเนินการต่อยังไง"
1657082442,"ในการยื่นขอสิทธิบัตรออกแบบ หากมีผู้คัดค้านจะต้องดำเนินการต่อยังไง"
1657082442,"ขั้นตอนจดทะเบียนสิทธิบัตรการออกแบบผลิตภัณฑ์"
1657082888,"สามารถขอรับบริการเกี่ยวกับสิทธิบัตรออกแบบได้ที่ช่องทางใดบ้าง"
1657083483,"ติดต่อศูนย์ปฏิบัติการ IP Mart"
1657083917,"ขั้นตอนการไกล่เกลี่ยข้อพิพาทมีอะไรบ้าง"
1657083917,"จะสามารถยุติข้อพิพาทได้เมื่อไหร่"
1657088599,"ถ้าคู่พิพาทไม่ปฏิบัติตามกระบวนการอนุญาโตตุลาการจะจบยังไง"
1657088599,"กระบวนการอนุญาโตตุลาการต้องทำคำชี้ขาดภายในกี่วัน"
1657088599,"ในกระบวนการอนุญาโตตุลาการหากตกลงกันไม่ได้จะต้องดำเนินการยังไง"
1657088599,"กระบวนการอนุญาโตตุลาการ สามารถขยายคำชี้ขาดได้อีกกี่วัน"
1657090823,"ในการไกล่เกลี่ยข้อพิพาทหากตกลงกันไม่ได้ ต้องทำยังไง"
1657090852,"กระบวนการไกล่เกลี่ยข้อพิพาทมีค่าใช้จ่ายไหม"
1657091146,"เครื่องหมายการค้า คืออะไร"
1657091146,"เครื่องหมายการค้า"
1657091146,"เครื่องหมายการค้าทำอะไรได้บ้าง"
1657091146,"เครื่องหมายการค้าคือ"
1657091146,"ความหมายของเครื่องหมายการค้า"
1657091146,"อยากทราบรายละเอียดเครื่องหมายการค้า"
1657091146,"อะไรจดเครื่องหมายการค้าได้บ้าง"
1657091186,"สิทธิบัตรการประดิษฐ์และอนุสิทธิบัตรแตกต่างกันอย่างไร"
1657091186,"สิทธิบัตรการประดิษฐ์และอนุสิทธิบัตรคุ้มครองเหมือนกันหรือไม่"
1657091186,"สิทธิบัตรการประดิษฐ์และอนุสิทธิบัตรแตกต่างกันไหม"
1657091186,"สิทธิบัตรการประดิษฐ์และอนุสิทธิบัตรเหมือนกันไหม"
1657091186,"สิทธิบัตรการประดิษฐ์และอนุสิทธิบัตรความคุ้มครองเหมือนกันไหม"
1657091296,"ลายมือชื่อ จัดเป็นเครื่องหมายการค้าได้หรือไม่"
1657091296,"ลายมื่อเป็นเครื่องหมายการค้าไหม"
1657091296,"ลายมื่อเป็นเครื่องหมายการค้า"
1657091296,"ลายมือชื่อ จัดเป็นเครื่องหมายการค้าแบบไหน"
1657091296,"ลายลายมือเป็นเครื่องหมายการค้าไหม"
1657091296,"ลายมือ"
1657091296,"ลายมือชื่อ"
1657091329,"หากเคยจำหน่ายหรือเผยแพร่แล้ว สามารถขอรับอนุสิทธิบัตรได้หรือไม่"
1657091329,"หากเคยจำหน่ายหรือเผยแพร่แล้ว สามารถขอรับสิทธิบัตรการประดิษฐ์ได้หรือไม่"
1657091329,"การขอรับอนุสิทธิบัตร มีเงื่อนไขอย่างไร"
1657091329,"การขอรับสิทธิบัตรการประดิษฐ์ มีเงื่อนไขอย่างไร"
1657091329,"ต้องการขอสิทธิบัตรการประดิษฐ์"
1657091329,"อยากขอสิทธิบัตรการประดิษฐ์"
1657091329,"สิทธิบัตรการประดิษฐ์ทำยังไง"
1657091329,"ขอรับอนุสิทธิบัตร"
1657091329,"จะขอขอรับอนุสิทธิบัตร"
1657091329,"อยากขอขอรับอนุสิทธิบัตร"
1657091329,"ขอรับอนุสิทธิบัตรทำยังไง"
1657091329,"ขอจดทะเบียนอนุสิทธิบัตร"
1657091329,"จดอนุสิทธิบัตรทำยังไง"
1657091329,"เคยเผยแพร่แล้ว"
1657091329,"เคยจำหน่ายแล้ว"
1657091329,"เงื่อนไขออกแบบผลิตภัณฑ์ใหม่"
1657091329,"เงื่อนไขในการขอรับสิทธิบัตรการประดิษฐ์"
1657091374,"วิธีการรักษาโรค สามารถขอรับสิทธิบัตรได้ไหม"
1657091374,"ทฤษฎีทางวิทยาศาสตร์ สามารถขอรับสิทธิบัตรได้ไหม"
1657091374,"สิ่งใดบ้างที่ไม่สามารถนำมาจดสิทธิบัตรได้"
1657091374,"อะไรที่จดสิทธิบัตรไม่ได้บ้าง"
1657091374,"จดสิทธิบัตรไม่ได้"
1657091374,"ทฤษฎีทางวิทยาศาสตร์"
1657091374,"วิทยาศาสตร์"
1657091374,"การประดิษฐ์ที่ไม่สามารถขอรับสิทธิบัตรได้"
1657091374,"ไม่สามารถขอรับสิทธิบัตรได้"
1657091374,"วิธีการรักษาโรค"
1657091671,"ข้อถือสิทธิ คืออะไร"
1657091671,"ขอบเขตของสิทธิ"
1657091671,"ประสงค์ขอรับความคุ้มครอง"
1657091762,"ต้องการชำระค่าธรรมเนียมยื่นขออนุสิทธิบัตรในประเทศต้องทำอย่างไร"
1657091762,"ค่าธรรมเนียมอนุสิทธิบัตรจ่ายทางไหนได้บ้าง"
1657091762,"ช่องทางชำระค่าธรรมเนียมอนุสิทธิบัตร"
1657091800,"กฎหมายสิทธิบัตรการประดิษฐ์ มีอะไรบ้าง"
1657091800,"สิทธิบัตรการประดิษฐ์"
1657091800,"กฎหมายการประดิษฐ์"
1657091800,"ต้องการปกป้องการประดิษฐ์"
1657091822,"เครื่องหมายการค้า มีกี่ประเภท"
1657091822,"เครื่องหมายการค้า มีประเภทอะไรบ้าง"
1657091822,"เครื่องหมายการค้าทั้งหมดมีกี่ประเภท"
1657091822,"ประเภทของเครื่องหมายการค้า"
1657091864,"ข้อมูลกฎหมายอนุสิทธิบัตร"
1657091864,"กฎหมายอนุสิทธิบัตรใช้ในไหน"
1657091864,"กฎหมายอนุสิทธิบัตร คืออะไร"
1657091864,"กฎหมายอนุสิทธิบัตร มีอะไรบ้าง"
1657091864,"กฎหมายอนุสิทธิบัตร"
1657094231,"เจ้าของสิทธิ์สามารถยื่นขอต่ออายุอนุสิทธิบัตรได้กี่ครั้งเจ้าของสิทธิ์สามารถยื่นขอต่ออายุอนุสิทธิบัตรได้กี่ครั้ง"
1657094548,"อยากทราบขั้นตอน ระยะเวลาจดทะเบียนอนุสิทธิบัตร สามารถดูได้ทางช่องทางไหน"
1657094548,"ระยะเวลาจดทะเบียนอนุสิทธิบัตร"
1657094548,"ขั้นตอนการจดทะเบียนอนุสิทธิบัตร"
1657094649,"การขอรับอนุสิทธิบัตรมีหลักเกณฑ์ยังไง"
1657094649,"เกณฑ์การขอรับอนุสิทธิบัตร"
1657094649,"หลักเกณฑ์การขอรับอนุสิทธิบัตร"
1657117225,"อยากสอบถามเรื่องสิ่งบ่งชี้ทางภูมิศาสตร์ สามารถติดต่อช่องทางไหนได้บ้าง"
1657117225,"ศูนย์บริการของกรม อยู่ที่ไหน"
1657117225,"อยากสอบถามเรื่องสิ่งบ่งชี้ทางภูมิศาสตร์ สามารถติดต่อช่องทางไหน"
1657117225,"อยากสอบถามเรื่องสิ่งบ่งชี้ทางภูมิศาสตร์ สามารถติดต่อช่องทาง"
1657118399,"แผนยุทธศาสตร์กรมทรัพย์สินทางปัญญา"
1657118399,"พันธกิจของกรมทรัพย์สินทางปัญญาคืออะไร"
1657118399,"แผนปฏิบัติราชการกรมทรัพย์สินทางปัญญามีอะไรบ้าง"
1657118399,"ระเบียบนโยบายและแผนของกรมมีอะไรบ้าง"
1657118399,"เป้าหมายของการพัฒนาระบบคุ้มครองสิทธิในทรัพย์สินทางปัญญาให้สะดวกรวดเร็ว คืออะไร"
1657118399,"ค่านิยมของกรมทรัพย์สินทางปัญญาคืออะไร"
1657118530,"กรมทรัพย์สินทางปัญญา ทำหน้าที่อะไร"
1657118530,"กรมทรัพย์สินทางปัญญาทำหน้าที่อะไร"
1657118725,"การระงับข้อพิพาทคืออะไร"
1657118725,"ข้อดีของการระงับข้อพิพาทคืออะไร"
1657118725,"กระบวนการไกล่เกลี่ยข้อพิพาทต่างจากกระบวนการอนุญาโตตุลาการยังไง"
1657118911,"เครื่องหมายการค้า ใช้กับอะไร"
1657118911,"เครื่องหมายการค้า ใช้ทำอะไรได้บ้าง"
1657118911,"เครื่องหมายที่ใช้กับสินค้า"
1657118911,"เครื่องหมายการค้าคือใช้กับสิ่งใด"
1657118911,"อะไรใช้เครื่องหมายการค้า"
1657118911,"เครื่องหมายการค้าใช้กับสินค้าอะไร"
1657118955,"เครื่องหมายบริการ คืออะไร"
1657118955,"เครื่องหมายบริการ ทำอะไร"
1657118955,"เครื่องหมายที่ใช้กับบริการ"
1657118955,"ทำไมต้องมีเครื่องหมายการบริการ"
1657118955,"การใช้เครื่องหมายการบริการ"
1657118955,"อยากทราบเครื่องหมายการบริการ"
1657119043,"เครื่องหมายรับรอง คืออะไร"
1657119043,"เครื่องหมายรับรอง ทำอะไรได้บ้าง"
1657119043,"เครื่องหมายที่เจ้าของออกให้"
1657119043,"ออกเครื่องหมายรับรอง"
1657119043,"การรับรองสินค้า"
1657119043,"เครื่องหมายรับรองสินค้า"
1657119043,"ทำไมต้องมีเครื่องหมายการรับรอง"
1657164296,"ช่องทางการขอรับบริการ"
1657167414,"สามารถขอผ่อนผันได้อย่างไร"
1657167414,"เมื่อไม่สามารถดำเนินการตามคำสั่งของผู้ตรวจสอบได้ตามกำหนดเวลา สามารถขอผ่อนผันได้หรือไม่"
1657167414,"ละทิ้งคำขอ คืออะไร"
1657167414,"ขั้นตอนการจดทะเบียนสิทธิบัตรการประดิษฐ์ มีอะไรบ้าง"
1657167414,"ขั้นตอนการจดทะเบียนอนุสิทธิบัตร มีอะไรบ้าง"
1657167414,"การจดทะเบียนอนุสิทธิบัตร ใช้ระยะเวลาเท่าไหร่"
1657167414,"การจดทะเบียนสิทธิบัตรการประดิษฐ์ ใช้ระยะเวลาเท่าไหร่"
1657167414,"ต้องการทราบรายละเอียดการเตรียมเอกสารหลักฐาน"
1657167414,"รายละเอียดการเตรียมเอกสารหลักฐาน"
1657167414,"การเตรียมเอกสารหลักฐาน"
1657167414,"ขอทราบรายละเอียดการเตรียมเอกสารหลักฐาน"
1657167414,"ข้อมูลการเตรียมเอกสารหลักฐาน"
1657167414,"การจดทะเบียนอนุสิทธิบัตร ใช้เวลานานไหม"
1657167414,"การจดทะเบียนอนุสิทธิบัตร ต้องรอนานไหม"
1657167414,"การจดทะเบียนอนุสิทธิบัตรต้องรอกี่วัน"
1657167414,"การจดทะเบียนอนุสิทธิบัตรประมาณกี่วัน"
1657167414,"การละทิ้งคำขอ"
1657167414,"ขอผ่อนผันได้ไหม"
1657167414,"ดำเนินการไม่ทำตามกำหนดเวลา"
1657167414,"ขอผ่อนผันยังไง"
1657167414,"ผ่อนผันได้ไหม"
1657167414,"ดำเนินการไม่ทันตามกำหนดเวลา"
1657167535,"อยากทราบรายละเอียดการใช้งาน e-filing"
1657167535,"เข้าระบบ e-filing"
1657167535,"การใช้งาน e-filing"
1657167739,"ต้องการยืนยันตัวตน เพื่อยื่นคำขอจดทะเบียนสิทธิบัตร ต้องทำอย่างไร"
1657167739,"วิธีการยืนยันตัวตน"
1657167739,"ยืนยันตัวตนยังไง"
1657167837,"Log in เข้าสู่ระบบ e-filing เพื่อยื่นคำขอจดทะเบียนสิทธิบัตร ต้องทำอย่างไร"
1657167837,"ระบบการจดทะเบียนทรัพย์สินทางปัญญาอิเล็กทรอนิกส์"
1657167837,"วิธีเข้าสู่ระบบ e-filing"
1657167837,"เข้าสู่ระบบ e-filing ยังไง"
1657167837,"ต้องเข้าสู่ระบบ e-filing ยังไง"
1657167974,"สามารถแก้ไขชื่อผู้ใช้ใน e-filing ได้ไหม"
1657167974,"วิธีแก้ไขข้อมูลใน e-filling"
1657167974,"แก้ไขข้อมูลใน e-filing ยังไง"
1657167974,"การแก้ไขชื่อผู้ใช้ใน e-filing"
1657167974,"วิธีการแก้ไขชื่อผู้ใช้ใน e-filing"
1657167974,"สามารถแก้ไขข้อมูลใน e-filing ได้ไหม"
1657168031,"มีตัวอย่างการการกรอกแบบฟอร์มออนไลน์ เพื่อยื่นคำขอจดทะเบียนสิทธิบัตรไหม"
1657168031,"ตัวอย่างการกรอกแบบฟอร์ม"
1657168050,"มีตัวอย่างการการกรอกแบบฟอร์มออนไลน์ เพื่อยื่นคำขอจดทะเบียนอนุสิทธิบัตรไหม"
1657168050,"ตัวอย่างการกรอกแบบฟอร์มออนไลน์ เพื่อยื่นจดทะเบียนอนุสิทธิบัตรไหม"
1657168142,"ยื่นคำขอจดทะเบียนอนุสิทธิบัตรมีค่าธรรมเนียมไหม"
1657168142,"ยื่นคำขอจดทะเบียนสิทธิบัตรมีค่าธรรมเนียมไหม"
1657168142,"มีค่าธรรมเนียมในการยื่นคำขอจดทะเบียนอนุสิทธิไหม"
1657168142,"มีค่าใช้จ่ายในการยื่นคำขอจดทะเบียนอนุสิทธิไหม"
1657168142,"มีค่าธรรมเนียมในการยื่นคำขอจดทะเบียนอนุสิทธิไหม"
1657168142,"ยื่นคำจดทะเบียนสิทธิบัตรมีค่าใช้จ่าย"
1657168172,"หากจะยื่นคำขอจดทะเบียนสิทธิบัตรด้วยตนเองสามารถยื่นได้ที่ไหนบ้าง"
1657168172,"ยื่นคำขอจดทะเบียนด้วยตัวเองได้ที่ไหน"
1657168204,"หากจะยื่นคำขอจดทะเบียนสิทธิบัตรที่กรมสามารถจองคิวออนไลน์ได้ไหม"
1657168204,"จองคิวออนไลน์ยื่นคำขอจดทะเบียนสิทธิบัตร"
1657168406,"หากจะยื่นคำขอจดทะเบียนอนุสิทธิบัตรด้วยตนเองสามารถยื่นได้ที่ไหนบ้าง"
1657168406,"คำขอจดทะเบียนอนุสิทธิบัตรด้วยตนเองสามารถยื่นได้ที่ไหน"
1657168442,"หากจะยื่นคำขอจดทะเบียนอนุสิทธิบัตรผ่านสำนักงานพาณิชย์จังหวัด ต้องดำเนินการยังไง"
1657168442,"หากจะยื่นคำขอจดทะเบียนสิทธิบัตรผ่านสำนักงานพาณิชย์จังหวัด ต้องดำเนินการยังไง"
1657168442,"ดำเนินการยื่นคำขอจดทะเบียนอนุสิทธิบัตรผ่านสำนักงานพาณิชย์จังหวัดยังไง"
1657168519,"สามารถส่งคำขอจดทะเบียนสิทธิบัตรโดยการส่งไปรษณีย์ได้หรือไม่"
1657168519,"สามารถส่งคำขอจดทะเบียนอนุสิทธิบัตรโดยการส่งไปรษณีย์ได้หรือไม่"
1657168519,"ส่งคำขอจดทะเบียนสิทธิบัตรโดยการส่งไปรษณีย์ได้ไหม"
1657168519,"ส่งคำขอจดทะเบียนอนุสิทธิบัตรโดยการส่งไปรษณีย์ได้มั้ย"
1657168549,"สามารถติดตามสถานะคำขอสิทธิบัตรการประดิษฐ์ ได้จากช่องทางไหน"
1657168549,"ติดตามสถานะคำขอสิทธิบัตรการประดิษฐ์ ได้ที่ไหน"
1657168549,"ติดตามสถานะคำขอสิทธิบัตรการประดิษฐ์ ได้ยังไง"
1657168698,"อยากทราบระยะเวลาการประกาศโฆษณาคำขอสิทธิบัตรการประดิษฐ์"
1657168698,"ระยะเวลาการประกาศโฆษณาคำขอสิทธิบัตรการประดิษฐ์"
1657168731,"จะจดสิทธิบัตรการประดิษฐ์ในต่างประเทศต้องดำเนินการยังไง"
1657168731,"การจดสิทธิบัตรการประดิษฐ์ในต่างประเทศต้องทำยังไง"
1657168767,"ระบบ PCT คืออะไร"
1657168767,"ระบบ PCT"
1657168767,"รายละเอียด ระบบ PCT"
1657168802,"ตัวแทนสิทธิบัตร คืออะไร"
1657168802,"อะไรคือตัวแทนสิทธิบัตร"
1657168802,"ใครคือตัวแทนสิทธิบัตร"
1657168802,"ตัวแทนสิทธิบัตรคือใคร"
1657168803,"ตัวแทนสิทธิบัตร คืออะไร"
1657168803,"อะไรคือตัวแทนสิทธิบัตร"
1657168803,"ใครคือตัวแทนสิทธิบัตร"
1657168803,"ตัวแทนสิทธิบัตรคือใคร"
1657168821,"มีระบบแจ้งเตือนอนุสิทธิบัตรใกล้หมดอายุไหม"
1657168821,"มีระบบแจ้งเตือนสิทธิบัตรการประดิษฐ์ใกล้หมดอายุไหม"
1657168821,"แจ้งเตือนสิทธิบัตรการประดิษฐ์ใกล้หมดอายุไหม"
1657168821,"แจ้งเตือนอนุสิทธิบัตรใกล้หมดอายุไหม"
1657168864,"ค่าธรรมเนียมยื่นคำขอรับสิทธิบัตรการประดิษฐ์เท่าไหร่"
1657168864,"ค่าธรรมเนียมในการยื่นคำขอรับสิทธิบัตรการประดิษฐ์"
1657168864,"ค่าธรรมเนียมคำขอรับสิทธิบัตรการประดิษฐ์เท่าไหร่"
1657168864,"ราคาการจดยื่นคำขอรับสิทธิบัตรการประดิษฐ์"
1657168888,"ค่าธรรมเนียมยื่นคำขอรับสิทธิบัตรการออกแบบผลิตภัณฑ์เท่าไหร่"
1657168888,"ค่าธรรมเนียมในการยื่นคำขอรับสิทธิบัตรการประดิษฐ์"
1657168888,"ค่าธรรมเนียมคำขอรับสิทธิบัตรการประดิษฐ์เท่าไหร่"
1657168888,"ราคาการจดยื่นคำขอรับสิทธิบัตรการประดิษฐ์"
1657169143,"ค่าธรรมเนียมการประกาศโฆษณาคำขอรับสิทธิบัตรเท่าไหร่"
1657169143,"ค่าธรรมเนียมยื่นคำขอรับอนุสิทธิบัตรการประดิษฐ์"
1657169143,"การยื่นคำขอรับอนุสิทธิบัตรการประดิษฐ์มีค่าธรรมเนียมไหม"
1657169207,"ค่าธรรมเนียมคำอุทธรณ์เท่าไหร่"
1657169207,"คำอุทธรณ์มีค่าธรรมเนียมไหม"
1657169207,"ขอรับสิทธิบัตรมีค่าธรรมเนียมไหม"
1657169228,"ขอรับสิทธิบัตรต้องเสียค่าธรรมเนียมไหม"
1657169228,"ขอรับอนุสิทธิบัตรต้องเสียค่าธรรมเนียมไหม"
1657169228,"ขอรับสิทธิบัตรมีค่าธรรมเนียมไหม"
1657169228,"อนุสิทธิบัตร มีค่าธรรมเนียมไหม"
1657169288,"ต้องการชำระค่าธรรมเนียมยื่นขอสิทธิบัตรในประเทศต้องทำอย่างไร"
1657169288,"จะทำการชำระค่าธรรมเนียมยื่นขอสิทธิบัตรในประเทศยังไง"
1657169288,"จะจ่ายค่าธรรมเนียมยื่นขอสิทธิบัตรในประเทศต้องทำยังไง"
1657169307,"การประกาศโฆษณาคืออะไร"
1657169307,"อะไรคือการประกาศโฆษณา"
1657169345,"ตรวจสอบ e-Certificate ของสิทธิบัตรได้ทางใด"
1657169345,"e-Certificate ของสิทธิบัตร สามารถตรวจสอบได้ที่ไหน"
1657169345,"e-Certificate ของสิทธิบัตร สามารถตรวจสอบจากช่องทางใด"
1657169345,"e-Certificate ของสิทธิบัตร สามารถตรวจสอบได้ที่ช่องทางไหน"
1657169345,"e-Certificate ของสิทธิบัตร สามารถตรวจสอบได้ที่ไหน"
1657169345,"e-Certificate ของสิทธิบัตร สามารถตรวจสอบจากช่องทางใด"
1657169345,"e-Certificate ของสิทธิบัตร สามารถตรวจสอบได้ที่ช่องทางไหน"
